EDA,PPG1,PPG2,event_code
283,383,0,
285,380,0,
287,379,0,
288,378,0,
292,383,0,
297,383,0,
302,379,0,
306,379,0,
313,378,0,
320,382,0,
330,382,0,
339,379,0,
349,378,0,
358,380,0,
370,383,0,
383,381,0,
394,380,0,
406,379,0,
419,379,0,
431,383,0,
443,382,0,
455,379,0,
466,379,0,
474,381,0,
485,385,0,
494,382,0,
501,380,0,
507,380,0,
512,381,0,
518,384,0,
521,382,0,
524,380,0,
526,379,0,
525,383,0,
524,385,0,
525,382,0,
522,379,0,
519,380,0,
514,383,0,
511,384,0,
505,381,0,
499,381,0,
493,380,0,
484,384,0,
478,385,0,
471,381,0,
463,379,0,
454,381,0,
446,385,0,
439,384,0,
431,381,0,
422,381,0,
414,381,0,
405,385,0,
398,384,0,
390,382,0,
382,380,0,
374,380,0,
366,385,0,
359,384,0,
352,381,0,
345,380,0,
337,382,0,
334,384,0,
327,384,0,
322,380,0,
317,380,0,
314,382,0,
311,386,0,
310,382,0,
308,381,0,
305,380,0,
303,383,0,
305,385,0,
304,382,0,
303,381,0,
304,379,0,
304,383,0,
306,385,0,
306,382,0,
309,380,0,
309,380,0,
311,384,0,
313,385,0,
315,381,0,
316,381,0,
319,380,0,
318,384,0,
323,384,0,
324,381,0,
325,380,0,
325,380,0,
328,384,0,
330,384,0,
331,381,0,
331,380,0,
331,380,0,
332,385,0,
334,384,0,
332,381,0,
332,380,0,
331,381,0,
329,384,0,
330,384,0,
329,380,0,
327,380,0,
324,382,0,
323,385,0,
323,383,0,
320,381,0,
317,380,0,
315,382,0,
313,385,0,
312,383,0,
311,380,0,
307,380,0,
305,382,0,
303,385,0,
302,383,0,
300,381,0,
299,380,0,
296,383,0,
295,384,0,
294,382,0,
293,379,0,
290,381,0,
289,382,0,
288,385,0,
287,381,0,
286,380,0,
284,380,0,
282,384,0,
281,384,0,
282,381,0,
281,380,0,
279,381,0,
278,383,0,
279,384,0,
277,380,0,
276,380,0,
277,380,0,
275,385,0,
276,383,0,
275,381,0,
275,379,0,
275,381,0,
273,385,0,
275,383,0,
272,381,0,
273,380,0,
272,381,0,
272,385,0,
273,384,0,
273,380,0,
274,381,0,
275,381,0,
276,386,0,
277,383,0,
277,381,0,
278,379,0,
278,383,0,
278,386,0,
279,383,0,
277,380,0,
277,381,0,
278,383,0,
278,385,0,
279,381,0,
278,381,0,
278,381,0,
279,383,0,
280,385,0,
280,382,0,
279,380,0,
280,380,0,
278,385,0,
280,385,0,
280,381,0,
279,380,0,
278,381,0,
279,384,0,
279,384,0,
278,382,0,
278,381,0,
278,380,0,
277,384,0,
278,385,0,
278,381,0,
278,380,0,
276,381,0,
277,385,0,
277,383,0,
276,382,0,
276,381,0,
275,381,0,
276,386,0,
276,384,0,
277,380,0,
275,381,0,
275,383,0,
277,385,0,
277,383,0,
279,381,0,
281,381,0,
282,382,0,
285,387,0,
291,384,0,
296,380,0,
301,380,0,
306,384,0,
315,386,0,
324,382,0,
332,382,0,
343,381,0,
352,384,0,
363,386,0,
375,383,0,
386,381,0,
397,381,0,
406,386,0,
419,386,0,
429,382,0,
440,382,0,
449,382,0,
459,386,0,
468,386,0,
477,383,0,
482,382,0,
489,382,0,
493,387,0,
499,386,0,
501,383,0,
504,381,0,
504,383,0,
505,387,0,
504,386,0,
504,383,0,
500,383,0,
497,383,0,
494,388,0,
491,386,0,
485,384,0,
479,382,0,
473,385,0,
465,389,0,
460,386,0,
451,383,0,
444,383,0,
434,385,0,
427,388,0,
419,386,0,
411,383,0,
403,383,0,
393,387,0,
385,388,0,
377,385,0,
369,382,0,
361,383,0,
353,386,0,
346,387,0,
340,385,0,
333,383,0,
326,382,0,
319,387,0,
315,387,0,
311,384,0,
305,383,0,
302,383,0,
298,386,0,
295,387,0,
294,384,0,
292,382,0,
290,383,0,
289,387,0,
291,386,0,
290,383,0,
292,383,0,
293,382,0,
295,388,0,
298,386,0,
299,382,0,
301,383,0,
304,384,0,
307,387,0,
310,386,0,
313,383,0,
315,383,0,
318,385,0,
321,387,0,
323,386,0,
325,384,0,
325,383,0,
327,385,0,
330,386,0,
331,384,0,
330,383,0,
333,383,0,
333,385,0,
333,388,0,
334,385,0,
334,383,0,
333,383,0,
333,386,0,
332,388,0,
332,384,0,
330,383,0,
328,382,0,
326,387,0,
325,386,0,
323,384,0,
320,384,0,
319,382,0,
315,387,0,
315,387,0,
311,385,0,
309,382,0,
305,384,0,
304,388,0,
302,387,0,
299,384,0,
297,383,0,
293,384,0,
293,388,0,
292,387,0,
290,383,0,
286,384,0,
285,383,0,
283,389,0,
284,386,0,
283,384,0,
279,384,0,
279,383,0,
278,389,0,
278,386,0,
277,384,0,
276,382,0,
274,385,0,
274,387,0,
274,386,0,
274,382,0,
272,383,0,
271,386,0,
273,387,0,
273,384,0,
272,383,0,
272,383,0,
272,386,0,
273,387,0,
274,385,0,
274,382,0,
274,383,0,
272,387,0,
275,387,0,
274,383,0,
275,383,0,
275,383,0,
275,386,0,
275,387,0,
277,383,0,
276,383,0,
276,383,0,
275,387,0,
275,386,0,
276,383,0,
276,383,0,
277,382,0,
276,387,0,
277,385,0,
277,383,0,
279,382,0,
279,384,0,
278,388,0,
280,385,0,
278,383,0,
281,382,0,
280,385,0,
280,387,0,
281,385,0,
280,383,0,
281,382,0,
279,385,0,
280,388,0,
279,385,0,
279,382,0,
279,382,0,
278,386,0,
278,387,0,
279,385,0,
277,383,0,
278,382,0,
276,386,0,
277,386,0,
276,385,0,
275,382,0,
274,383,0,
273,385,0,
273,387,0,
272,384,0,
272,382,0,
271,383,0,
272,387,0,
272,387,0,
272,384,0,
274,382,0,
274,382,0,
277,386,0,
280,386,0,
284,383,0,
288,382,0,
293,383,0,
299,387,0,
307,386,0,
315,382,0,
322,383,0,
332,384,0,
343,387,0,
354,386,0,
365,383,0,
377,382,0,
388,385,0,
401,388,0,
412,386,0,
425,384,0,
436,382,0,
446,386,0,
457,388,0,
468,385,0,
475,384,0,
484,383,0,
490,386,0,
497,389,0,
504,385,0,
507,383,0,
510,384,0,
513,387,0,
514,388,0,
514,386,0,
514,384,0,
512,382,0,
509,388,0,
506,388,0,
501,385,0,
495,384,0,
490,384,0,
482,388,0,
478,388,0,
471,384,0,
463,384,0,
456,384,0,
447,388,0,
440,388,0,
432,384,0,
424,384,0,
415,385,0,
408,388,0,
400,387,0,
391,385,0,
383,384,0,
374,385,0,
365,389,0,
360,386,0,
352,385,0,
344,384,0,
337,384,0,
331,389,0,
326,386,0,
321,384,0,
315,384,0,
309,386,0,
306,389,0,
303,386,0,
301,384,0,
296,383,0,
295,385,0,
293,389,0,
293,385,0,
292,384,0,
293,383,0,
293,387,0,
292,388,0,
295,384,0,
296,384,0,
299,382,0,
300,387,0,
304,387,0,
306,385,0,
309,383,0,
311,383,0,
313,388,0,
317,387,0,
319,384,0,
323,382,0,
324,383,0,
328,387,0,
330,386,0,
332,384,0,
334,382,0,
334,384,0,
334,388,0,
338,386,0,
337,384,0,
337,383,0,
336,383,0,
335,388,0,
336,386,0,
334,383,0,
333,383,0,
331,384,0,
329,388,0,
329,385,0,
326,384,0,
323,383,0,
321,384,0,
318,388,0,
318,385,0,
315,382,0,
313,383,0,
311,386,0,
309,387,0,
306,385,0,
305,383,0,
302,382,0,
299,387,0,
298,386,0,
296,384,0,
294,383,0,
291,382,0,
288,386,0,
287,387,0,
285,384,0,
283,383,0,
282,383,0,
280,387,0,
279,387,0,
277,384,0,
277,382,0,
274,383,0,
275,387,0,
275,387,0,
274,383,0,
273,383,0,
274,382,0,
274,388,0,
272,386,0,
273,384,0,
273,383,0,
274,383,0,
273,388,0,
275,385,0,
274,384,0,
273,381,0,
274,385,0,
274,388,0,
275,385,0,
273,384,0,
275,382,0,
273,386,0,
276,387,0,
275,386,0,
276,383,0,
276,383,0,
275,385,0,
275,388,0,
277,384,0,
276,383,0,
275,383,0,
275,386,0,
276,387,0,
277,384,0,
276,384,0,
276,383,0,
275,385,0,
276,387,0,
277,384,0,
277,383,0,
275,383,0,
277,387,0,
278,387,0,
279,383,0,
278,383,0,
279,382,0,
279,387,0,
279,387,0,
280,384,0,
279,383,0,
279,384,0,
280,388,0,
280,387,0,
281,383,0,
280,383,0,
279,385,0,
279,388,0,
279,386,0,
280,383,0,
277,383,0,
277,385,0,
278,388,0,
279,384,0,
278,384,0,
278,383,0,
278,385,0,
278,388,0,
279,385,0,
280,382,0,
282,383,0,
283,386,0,
287,387,0,
291,384,0,
295,383,0,
300,383,0,
306,387,0,
311,388,0,
321,384,0,
328,383,0,
338,383,0,
345,387,0,
357,386,0,
367,384,0,
380,383,0,
391,383,0,
401,387,0,
414,388,0,
425,384,0,
436,384,0,
447,384,0,
458,388,0,
466,388,0,
476,383,0,
483,384,0,
491,384,0,
497,389,0,
503,387,0,
507,385,0,
512,384,0,
513,385,0,
515,389,0,
517,387,0,
516,385,0,
515,384,0,
512,387,0,
510,389,0,
507,387,0,
502,385,0,
496,385,0,
491,386,0,
486,390,0,
479,387,0,
471,384,0,
464,385,0,
456,386,0,
448,390,0,
440,387,0,
430,385,0,
423,384,0,
413,388,0,
406,390,0,
397,385,0,
387,385,0,
379,384,0,
369,389,0,
362,389,0,
355,386,0,
345,385,0,
341,385,0,
333,388,0,
328,389,0,
323,385,0,
317,384,0,
312,385,0,
308,388,0,
304,388,0,
302,385,0,
299,383,0,
297,385,0,
296,389,0,
295,386,0,
294,385,0,
294,384,0,
293,385,0,
295,389,0,
297,386,0,
297,385,0,
300,384,0,
301,385,0,
302,390,0,
307,387,0,
308,384,0,
310,384,0,
312,386,0,
315,390,0,
317,386,0,
319,384,0,
321,384,0,
322,387,0,
325,388,0,
327,386,0,
328,385,0,
330,384,0,
329,388,0,
330,389,0,
332,385,0,
331,384,0,
330,384,0,
331,387,0,
330,389,0,
331,385,0,
329,383,0,
327,384,0,
326,387,0,
325,389,0,
324,385,0,
323,384,0,
319,385,0,
318,389,0,
317,387,0,
314,385,0,
313,384,0,
309,385,0,
308,389,0,
305,387,0,
304,385,0,
302,385,0,
299,385,0,
296,390,0,
295,387,0,
293,385,0,
289,385,0,
288,387,0,
287,388,0,
285,387,0,
285,385,0,
284,383,0,
281,388,0,
281,390,0,
281,385,0,
280,385,0,
280,385,0,
279,388,0,
277,390,0,
279,386,0,
277,385,0,
276,385,0,
275,387,0,
275,389,0,
276,386,0,
275,384,0,
275,385,0,
274,389,0,
275,388,0,
274,386,0,
274,383,0,
273,385,0,
272,390,0,
275,387,0,
275,385,0,
275,384,0,
274,386,0,
275,389,0,
275,388,0,
276,384,0,
276,385,0,
274,386,0,
275,390,0,
276,388,0,
277,385,0,
276,385,0,
276,387,0,
276,390,0,
276,388,0,
277,385,0,
276,385,0,
277,387,0,
276,391,0,
277,386,0,
276,386,0,
276,385,0,
274,389,0,
275,390,0,
274,388,0,
275,385,0,
274,385,0,
273,389,0,
274,391,0,
273,387,0,
275,385,0,
274,386,0,
274,390,0,
274,390,0,
273,387,0,
275,386,0,
274,386,0,
272,390,0,
274,390,0,
274,386,0,
274,387,0,
274,385,0,
274,391,0,
276,390,0,
276,387,0,
277,387,0,
278,386,0,
279,391,0,
282,390,0,
286,387,0,
288,387,0,
292,388,0,
296,392,0,
302,390,0,
309,387,0,
314,387,0,
323,388,0,
332,392,0,
342,389,0,
351,387,0,
362,387,0,
372,389,0,
383,393,0,
394,390,0,
406,387,0,
417,387,0,
427,390,0,
439,393,0,
449,390,0,
459,387,0,
467,388,0,
475,391,0,
483,392,0,
489,390,0,
495,388,0,
499,388,0,
503,392,0,
506,393,0,
507,390,0,
508,388,0,
508,388,0,
507,393,0,
505,392,0,
501,390,0,
497,388,0,
493,389,0,
488,394,0,
483,391,0,
476,389,0,
469,388,0,
462,389,0,
454,394,0,
448,391,0,
439,389,0,
432,387,0,
421,390,0,
415,394,0,
408,391,0,
397,389,0,
390,388,0,
381,389,0,
374,392,0,
366,391,0,
356,388,0,
349,387,0,
340,390,0,
335,393,0,
328,390,0,
321,388,0,
316,387,0,
309,390,0,
308,393,0,
304,390,0,
301,386,0,
298,387,0,
295,391,0,
294,392,0,
292,389,0,
292,387,0,
289,387,0,
290,390,0,
292,392,0,
294,388,0,
295,387,0,
295,387,0,
297,391,0,
300,391,0,
305,386,0,
306,387,0,
309,387,0,
312,391,0,
316,390,0,
319,387,0,
320,387,0,
323,386,0,
324,392,0,
329,390,0,
330,387,0,
332,386,0,
333,387,0,
333,391,0,
337,389,0,
336,387,0,
337,386,0,
337,388,0,
337,391,0,
337,389,0,
336,386,0,
336,385,0,
333,388,0,
333,391,0,
332,387,0,
331,386,0,
329,385,0,
326,388,0,
325,390,0,
323,387,0,
321,384,0,
318,385,0,
316,388,0,
315,390,0,
311,387,0,
311,385,0,
308,385,0,
305,388,0,
303,389,0,
301,387,0,
299,385,0,
296,385,0,
293,389,0,
291,389,0,
289,386,0,
287,385,0,
285,383,0,
283,389,0,
281,389,0,
281,385,0,
279,384,0,
278,384,0,
277,389,0,
276,388,0,
273,385,0,
274,384,0,
271,385,0,
271,389,0,
272,386,0,
270,385,0,
271,384,0,
269,386,0,
269,389,0,
271,385,0,
270,385,0,
270,384,0,
269,386,0,
269,390,0,
270,387,0,
270,384,0,
269,384,0,
270,386,0,
270,389,0,
271,386,0,
272,383,0,
271,384,0,
272,387,0,
274,386,0,
274,385,0,
274,384,0,
274,382,0,
274,387,0,
275,387,0,
277,384,0,
276,383,0,
278,383,0,
277,385,0,
277,387,0,
279,384,0,
279,383,0,
279,383,0,
279,386,0,
280,386,0,
279,384,0,
281,382,0,
279,383,0,
279,387,0,
281,384,0,
280,383,0,
281,383,0,
281,382,0,
280,387,0,
282,385,0,
281,382,0,
281,383,0,
281,383,0,
281,386,0,
282,385,0,
283,382,0,
283,382,0,
284,385,0,
285,386,0,
286,384,0,
290,383,0,
293,382,0,
294,385,0,
301,387,0,
306,383,0,
312,383,0,
319,382,0,
326,385,0,
335,387,0,
345,383,0,
355,382,0,
365,382,0,
376,385,0,
389,386,0,
399,383,0,
412,382,0,
424,383,0,
435,386,0,
447,386,0,
457,383,0,
467,383,0,
475,383,0,
484,386,0,
491,386,0,
498,383,0,
502,383,0,
508,382,0,
511,387,0,
514,386,0,
515,383,0,
515,381,0,
513,384,0,
513,387,0,
509,386,0,
507,382,0,
504,383,0,
499,384,0,
493,388,0,
488,385,0,
481,384,0,
475,382,0,
467,385,0,
460,388,0,
453,385,0,
443,384,0,
435,382,0,
426,386,0,
418,386,0,
408,385,0,
401,383,0,
392,382,0,
383,386,0,
374,387,0,
367,383,0,
357,382,0,
349,383,0,
342,385,0,
334,385,0,
327,384,0,
320,383,0,
314,382,0,
307,386,0,
303,386,0,
300,383,0,
296,381,0,
292,382,0,
291,385,0,
289,385,0,
287,383,0,
288,382,0,
288,382,0,
289,385,0,
288,385,0,
292,382,0,
293,380,0,
293,382,0,
296,386,0,
301,384,0,
303,382,0,
304,382,0,
306,383,0,
309,386,0,
313,383,0,
315,381,0,
317,380,0,
318,384,0,
320,386,0,
324,383,0,
325,381,0,
327,382,0,
328,384,0,
329,385,0,
331,382,0,
331,381,0,
332,381,0,
332,384,0,
332,385,0,
330,382,0,
331,381,0,
330,381,0,
327,385,0,
327,384,0,
324,382,0,
323,381,0,
320,381,0,
319,384,0,
316,385,0,
315,382,0,
312,381,0,
310,382,0,
307,386,0,
306,384,0,
302,382,0,
300,380,0,
297,382,0,
295,385,0,
293,384,0,
291,381,0,
287,381,0,
286,383,0,
284,385,0,
283,384,0,
279,382,0,
278,381,0,
276,382,0,
274,386,0,
275,382,0,
273,381,0,
272,380,0,
270,383,0,
271,385,0,
270,383,0,
269,381,0,
269,381,0,
267,383,0,
267,386,0,
269,383,0,
265,381,0,
267,380,0,
265,384,0,
269,385,0,
269,383,0,
269,381,0,
268,381,0,
270,384,0,
271,385,0,
273,383,0,
272,380,0,
273,381,0,
272,385,0,
274,386,0,
275,382,0,
274,381,0,
275,380,0,
274,385,0,
276,385,0,
276,383,0,
276,381,0,
276,382,0,
277,385,0,
277,384,0,
278,382,0,
277,381,0,
276,383,0,
276,386,0,
276,385,0,
277,382,0,
276,382,0,
275,383,0,
274,387,0,
273,384,0,
274,382,0,
273,380,0,
271,384,0,
272,386,0,
272,384,0,
272,382,0,
270,382,0,
270,383,0,
270,387,0,
271,383,0,
269,382,0,
272,381,0,
269,385,0,
273,386,0,
273,383,0,
275,382,0,
279,382,0,
281,385,0,
285,386,0,
291,383,0,
297,382,0,
303,382,0,
311,385,0,
318,386,0,
328,382,0,
338,382,0,
350,382,0,
361,387,0,
373,386,0,
385,383,0,
397,382,0,
410,383,0,
421,386,0,
434,386,0,
444,384,0,
454,383,0,
465,382,0,
474,388,0,
482,385,0,
489,384,0,
496,383,0,
501,384,0,
505,388,0,
510,387,0,
512,384,0,
512,383,0,
511,386,0,
512,388,0,
511,385,0,
506,384,0,
504,384,0,
499,386,0,
495,389,0,
488,386,0,
483,384,0,
476,383,0,
468,387,0,
463,389,0,
455,386,0,
445,383,0,
437,384,0,
429,387,0,
421,388,0,
412,385,0,
403,383,0,
393,384,0,
384,388,0,
377,387,0,
368,385,0,
359,384,0,
352,384,0,
344,388,0,
337,388,0,
330,385,0,
323,384,0,
316,385,0,
311,387,0,
305,387,0,
301,384,0,
296,383,0,
292,385,0,
289,388,0,
286,387,0,
285,384,0,
283,383,0,
282,385,0,
281,388,0,
281,386,0,
283,384,0,
283,383,0,
282,386,0,
286,389,0,
289,386,0,
290,384,0,
294,382,0,
295,386,0,
299,388,0,
301,385,0,
304,384,0,
307,383,0,
307,386,0,
311,388,0,
313,385,0,
315,384,0,
317,383,0,
318,387,0,
320,387,0,
321,383,0,
320,383,0,
322,383,0,
321,387,0,
321,387,0,
321,384,0,
320,384,0,
317,384,0,
318,387,0,
318,387,0,
316,383,0,
315,383,0,
312,384,0,
311,388,0,
309,387,0,
308,384,0,
305,383,0,
301,385,0,
299,388,0,
298,386,0,
296,384,0,
293,383,0,
289,385,0,
289,388,0,
287,386,0,
286,383,0,
281,384,0,
280,385,0,
279,388,0,
278,384,0,
277,384,0,
273,383,0,
272,385,0,
271,388,0,
271,384,0,
270,384,0,
268,383,0,
267,386,0,
266,388,0,
267,385,0,
265,383,0,
265,383,0,
264,387,0,
266,388,0,
266,384,0,
266,384,0,
266,383,0,
267,387,0,
268,387,0,
269,384,0,
269,383,0,
268,384,0,
269,386,0,
270,387,0,
271,384,0,
270,383,0,
270,384,0,
271,388,0,
271,387,0,
272,384,0,
272,383,0,
271,385,0,
272,387,0,
271,386,0,
272,384,0,
273,383,0,
270,386,0,
273,389,0,
273,385,0,
272,384,0,
273,383,0,
272,386,0,
273,389,0,
273,386,0,
273,384,0,
273,383,0,
272,387,0,
273,388,0,
273,385,0,
272,384,0,
271,383,0,
270,387,0,
272,388,0,
270,386,0,
271,384,0,
273,382,0,
272,387,0,
276,387,0,
277,385,0,
280,383,0,
283,383,0,
287,387,0,
292,388,0,
297,385,0,
303,383,0,
308,384,0,
315,388,0,
324,387,0,
331,385,0,
341,383,0,
350,385,0,
360,387,0,
371,386,0,
380,385,0,
390,384,0,
400,385,0,
410,389,0,
422,386,0,
429,385,0,
439,384,0,
447,386,0,
455,388,0,
464,387,0,
468,385,0,
475,385,0,
479,387,0,
481,390,0,
487,387,0,
487,385,0,
488,384,0,
488,388,0,
488,388,0,
487,387,0,
484,386,0,
481,385,0,
476,389,0,
473,390,0,
469,387,0,
462,385,0,
457,384,0,
449,389,0,
441,389,0,
436,386,0,
428,385,0,
421,385,0,
412,389,0,
404,388,0,
397,386,0,
389,385,0,
380,385,0,
371,389,0,
363,388,0,
356,386,0,
349,384,0,
341,386,0,
333,389,0,
327,388,0,
320,386,0,
316,384,0,
310,386,0,
305,389,0,
303,387,0,
298,385,0,
296,384,0,
291,386,0,
289,389,0,
288,386,0,
286,384,0,
286,384,0,
283,386,0,
285,388,0,
286,386,0,
287,384,0,
288,384,0,
291,386,0,
293,389,0,
296,385,0,
299,384,0,
301,382,0,
302,387,0,
306,388,0,
309,385,0,
310,383,0,
313,383,0,
315,386,0,
318,388,0,
319,384,0,
320,383,0,
322,383,0,
323,387,0,
325,386,0,
325,384,0,
325,383,0,
326,383,0,
326,387,0,
327,386,0,
324,384,0,
325,381,0,
322,384,0,
322,386,0,
322,386,0,
320,382,0,
318,382,0,
316,383,0,
315,387,0,
314,386,0,
312,383,0,
309,383,0,
307,384,0,
305,387,0,
306,384,0,
303,383,0,
302,382,0,
299,384,0,
297,387,0,
296,385,0,
294,381,0,
291,382,0,
290,385,0,
290,385,0,
288,383,0,
287,382,0,
286,381,0,
284,385,0,
283,386,0,
283,383,0,
282,381,0,
279,381,0,
278,385,0,
279,384,0,
278,382,0,
277,381,0,
277,380,0,
275,384,0,
275,384,0,
275,381,0,
273,381,0,
272,380,0,
269,384,0,
270,384,0,
271,381,0,
269,380,0,
267,381,0,
269,383,0,
268,383,0,
267,381,0,
267,379,0,
265,382,0,
266,385,0,
265,381,0,
265,380,0,
265,379,0,
264,381,0,
264,385,0,
266,382,0,
265,380,0,
266,379,0,
264,382,0,
267,383,0,
269,381,0,
270,379,0,
269,379,0,
271,382,0,
272,383,0,
276,380,0,
277,379,0,
279,379,0,
282,381,0,
285,383,0,
290,379,0,
294,378,0,
299,378,0,
304,382,0,
312,382,0,
318,380,0,
328,377,0,
334,379,0,
344,382,0,
353,382,0,
365,379,0,
374,378,0,
385,378,0,
394,382,0,
407,381,0,
417,378,0,
429,378,0,
438,379,0,
447,382,0,
457,380,0,
465,378,0,
474,377,0,
481,379,0,
487,382,0,
494,381,0,
498,377,0,
500,378,0,
504,379,0,
505,382,0,
507,380,0,
507,376,0,
505,377,0,
502,379,0,
501,381,0,
498,379,0,
494,378,0,
490,376,0,
483,380,0,
479,381,0,
474,378,0,
467,377,0,
460,377,0,
453,379,0,
445,381,0,
438,378,0,
430,376,0,
423,376,0,
414,380,0,
405,380,0,
398,378,0,
389,376,0,
381,376,0,
372,380,0,
365,379,0,
357,376,0,
348,376,0,
341,375,0,
334,379,0,
327,379,0,
323,376,0,
316,375,0,
311,376,0,
305,380,0,
301,376,0,
298,375,0,
295,374,0,
289,376,0,
289,378,0,
286,377,0,
287,374,0,
285,375,0,
285,375,0,
285,379,0,
288,376,0,
289,374,0,
293,372,0,
294,376,0,
297,378,0,
300,376,0,
304,374,0,
307,374,0,
310,375,0,
313,378,0,
318,374,0,
320,373,0,
324,373,0,
325,376,0,
330,377,0,
331,374,0,
334,373,0,
336,372,0,
337,377,0,
338,376,0,
341,374,0,
341,372,0,
342,373,0,
340,377,0,
342,376,0,
341,374,0,
341,372,0,
339,374,0,
339,376,0,
337,376,0,
336,372,0,
334,372,0,
332,373,0,
331,376,0,
328,376,0,
326,372,0,
324,372,0,
321,372,0,
319,376,0,
317,375,0,
315,372,0,
311,372,0,
309,372,0,
308,377,0,
306,374,0,
304,371,0,
301,372,0,
301,373,0,
299,377,0,
298,372,0,
296,372,0,
293,371,0,
290,374,0,
290,375,0,
288,373,0,
285,371,0,
283,369,0,
280,374,0,
281,375,0,
279,373,0,
277,370,0,
275,371,0,
273,374,0,
274,375,0,
272,372,0,
271,369,0,
270,370,0,
269,374,0,
269,375,0,
268,372,0,
269,370,0,
268,371,0,
267,374,0,
268,374,0,
269,371,0,
268,370,0,
267,370,0,
269,374,0,
269,373,0,
270,370,0,
268,370,0,
268,369,0,
269,375,0,
271,372,0,
271,371,0,
271,369,0,
272,371,0,
271,375,0,
273,372,0,
273,370,0,
273,369,0,
273,372,0,
272,374,0,
275,372,0,
276,369,0,
277,369,0,
276,372,0,
280,372,0,
283,371,0,
287,369,0,
289,370,0,
295,371,0,
302,374,0,
310,370,0,
317,369,0,
325,369,0,
335,372,0,
346,374,0,
358,371,0,
370,369,0,
381,369,0,
396,372,0,
409,373,0,
423,370,0,
436,368,0,
449,370,0,
463,373,0,
477,372,0,
488,371,0,
499,369,0,
509,370,0,
519,374,0,
528,372,0,
535,370,0,
542,370,0,
546,371,0,
550,374,0,
554,372,0,
554,370,0,
554,369,0,
553,370,0,
551,374,0,
548,371,0,
544,370,0,
540,369,0,
533,372,0,
527,374,0,
522,372,0,
514,370,0,
507,369,0,
498,372,0,
488,374,0,
481,370,0,
472,369,0,
462,370,0,
452,372,0,
442,374,0,
433,371,0,
423,368,0,
413,370,0,
402,373,0,
393,373,0,
384,371,0,
375,369,0,
365,369,0,
357,373,0,
350,373,0,
342,370,0,
336,369,0,
329,368,0,
323,373,0,
317,373,0,
313,369,0,
308,368,0,
304,369,0,
302,374,0,
298,372,0,
297,368,0,
295,369,0,
296,369,0,
294,374,0,
296,371,0,
297,368,0,
298,369,0,
299,370,0,
301,374,0,
302,371,0,
305,368,0,
307,368,0,
309,371,0,
313,373,0,
313,371,0,
317,367,0,
318,368,0,
320,370,0,
322,373,0,
324,370,0,
325,368,0,
326,368,0,
328,370,0,
329,373,0,
329,370,0,
329,367,0,
329,368,0,
328,371,0,
328,372,0,
327,369,0,
324,369,0,
322,368,0,
319,372,0,
317,372,0,
315,368,0,
312,368,0,
308,369,0,
306,372,0,
303,372,0,
301,369,0,
299,368,0,
293,369,0,
292,373,0,
290,371,0,
286,369,0,
286,368,0,
282,369,0,
280,373,0,
279,371,0,
277,367,0,
274,368,0,
272,370,0,
272,372,0,
269,370,0,
270,368,0,
268,367,0,
267,370,0,
267,373,0,
267,369,0,
266,368,0,
265,366,0,
265,370,0,
265,373,0,
265,368,0,
263,368,0,
263,368,0,
261,370,0,
261,373,0,
260,369,0,
259,366,0,
257,367,0,
257,371,0,
256,372,0,
255,368,0,
254,367,0,
254,367,0,
254,372,0,
252,372,0,
252,367,0,
251,367,0,
251,368,0,
250,373,0,
251,371,0,
252,368,0,
249,366,0,
250,369,0,
250,373,0,
253,371,0,
252,369,0,
253,366,0,
254,369,0,
257,373,0,
258,371,0,
257,368,0,
259,366,0,
258,369,0,
261,372,0,
260,371,0,
261,367,0,
260,367,0,
259,369,0,
260,373,0,
258,370,0,
258,367,0,
256,368,0,
256,370,0,
255,373,0,
257,368,0,
256,368,0,
255,368,0,
255,371,0,
256,372,0,
258,369,0,
257,368,0,
262,366,0,
263,372,0,
270,371,0,
275,369,0,
281,367,0,
287,368,0,
296,372,0,
305,372,0,
316,367,0,
326,368,0,
335,368,0,
349,372,0,
363,370,0,
377,368,0,
388,368,0,
401,367,0,
415,373,0,
430,371,0,
442,369,0,
455,368,0,
466,370,0,
477,373,0,
488,371,0,
497,369,0,
504,368,0,
509,371,0,
516,373,0,
520,371,0,
524,368,0,
526,368,0,
526,372,0,
527,373,0,
526,370,0,
524,369,0,
521,369,0,
516,373,0,
512,373,0,
507,370,0,
500,369,0,
493,369,0,
485,372,0,
479,374,0,
470,370,0,
462,369,0,
453,369,0,
444,373,0,
435,373,0,
427,370,0,
416,369,0,
407,368,0,
396,374,0,
388,372,0,
379,369,0,
370,368,0,
361,369,0,
351,374,0,
343,372,0,
335,369,0,
327,368,0,
319,370,0,
313,373,0,
306,372,0,
302,368,0,
295,369,0,
292,369,0,
289,373,0,
285,371,0,
284,368,0,
282,367,0,
281,369,0,
280,374,0,
281,369,0,
280,368,0,
281,369,0,
281,371,0,
281,374,0,
284,370,0,
286,367,0,
288,368,0,
289,371,0,
293,372,0,
295,370,0,
299,368,0,
301,367,0,
303,372,0,
307,372,0,
309,369,0,
311,368,0,
313,367,0,
314,372,0,
318,372,0,
319,369,0,
318,368,0,
320,368,0,
320,371,0,
320,372,0,
321,368,0,
321,368,0,
320,369,0,
321,371,0,
320,371,0,
319,368,0,
318,366,0,
316,369,0,
315,372,0,
313,371,0,
311,368,0,
309,366,0,
306,370,0,
305,372,0,
303,370,0,
302,368,0,
301,367,0,
297,370,0,
296,373,0,
295,369,0,
293,368,0,
292,368,0,
289,369,0,
288,372,0,
287,369,0,
287,367,0,
284,367,0,
281,371,0,
282,372,0,
280,368,0,
278,368,0,
277,367,0,
275,371,0,
274,372,0,
275,369,0,
273,368,0,
273,367,0,
271,372,0,
271,371,0,
270,368,0,
269,367,0,
269,368,0,
266,372,0,
268,369,0,
266,368,0,
268,365,0,
266,368,0,
265,371,0,
266,370,0,
266,367,0,
266,367,0,
265,368,0,
265,371,0,
266,369,0,
264,367,0,
266,367,0,
264,369,0,
265,371,0,
265,369,0,
264,367,0,
266,367,0,
264,370,0,
265,371,0,
264,369,0,
264,366,0,
263,367,0,
264,369,0,
264,371,0,
265,367,0,
265,366,0,
264,367,0,
265,369,0,
264,371,0,
266,368,0,
266,366,0,
267,366,0,
267,370,0,
271,370,0,
274,366,0,
276,366,0,
281,367,0,
285,369,0,
292,370,0,
299,367,0,
306,365,0,
312,367,0,
322,370,0,
333,369,0,
342,367,0,
353,366,0,
364,366,0,
376,371,0,
389,369,0,
400,365,0,
411,366,0,
423,367,0,
434,370,0,
446,369,0,
456,366,0,
465,366,0,
473,368,0,
480,372,0,
488,368,0,
493,366,0,
497,366,0,
501,369,0,
504,371,0,
506,368,0,
505,367,0,
506,365,0,
504,369,0,
501,371,0,
500,369,0,
496,367,0,
490,367,0,
484,370,0,
479,371,0,
473,367,0,
465,367,0,
458,366,0,
448,371,0,
443,370,0,
433,368,0,
426,367,0,
415,367,0,
408,370,0,
400,370,0,
391,368,0,
383,367,0,
374,367,0,
364,371,0,
357,368,0,
349,367,0,
343,367,0,
333,367,0,
327,371,0,
321,370,0,
315,367,0,
310,367,0,
305,367,0,
300,371,0,
295,369,0,
292,367,0,
290,366,0,
287,368,0,
284,371,0,
285,367,0,
282,366,0,
284,365,0,
282,368,0,
283,370,0,
284,369,0,
286,365,0,
287,366,0,
288,367,0,
291,371,0,
293,367,0,
296,366,0,
299,365,0,
301,369,0,
303,370,0,
307,367,0,
308,366,0,
311,365,0,
312,370,0,
315,369,0,
316,367,0,
316,366,0,
319,366,0,
319,370,0,
320,369,0,
319,367,0,
320,365,0,
319,366,0,
319,370,0,
319,369,0,
317,365,0,
316,366,0,
315,365,0,
313,370,0,
313,368,0,
310,367,0,
307,366,0,
304,367,0,
303,370,0,
301,369,0,
298,366,0,
295,365,0,
291,367,0,
290,371,0,
287,368,0,
285,366,0,
281,366,0,
280,367,0,
279,370,0,
276,368,0,
275,365,0,
272,365,0,
271,367,0,
270,370,0,
271,367,0,
268,366,0,
267,365,0,
265,368,0,
264,369,0,
264,367,0,
260,366,0,
261,365,0,
259,369,0,
259,369,0,
258,366,0,
258,365,0,
255,365,0,
256,368,0,
257,368,0,
256,366,0,
256,364,0,
255,365,0,
255,368,0,
256,369,0,
257,365,0,
257,365,0,
256,366,0,
255,370,0,
258,368,0,
258,365,0,
257,365,0,
257,365,0,
257,368,0,
257,368,0,
258,365,0,
259,364,0,
257,366,0,
257,370,0,
258,368,0,
259,365,0,
258,364,0,
256,367,0,
258,369,0,
261,367,0,
261,365,0,
261,364,0,
262,368,0,
264,369,0,
267,366,0,
269,365,0,
273,365,0,
276,368,0,
282,369,0,
286,366,0,
294,365,0,
301,363,0,
306,368,0,
316,369,0,
326,365,0,
335,364,0,
343,365,0,
354,369,0,
367,368,0,
379,366,0,
390,365,0,
400,365,0,
413,369,0,
424,367,0,
434,366,0,
443,365,0,
453,366,0,
461,368,0,
468,368,0,
475,366,0,
481,365,0,
485,367,0,
490,369,0,
494,366,0,
494,366,0,
497,365,0,
497,367,0,
496,369,0,
494,368,0,
305,383,0,
5,384,0,
274,388,0,
275,387,0,
275,384,0,
275,383,0,
276,384,0,
276,388,0,
277,385,0,
277,384,0,
279,382,0,
279,384,0,
278,388,0,
281,385,0,
281,383,0,
283,382,0,
283,384,0,
283,388,0,
286,384,0,
287,383,0,
288,381,0,
288,385,0,
288,387,0,
290,384,0,
289,382,0,
290,382,0,
288,385,0,
289,386,0,
289,383,0,
289,382,0,
290,381,0,
290,385,0,
290,386,0,
290,383,0,
288,381,0,
288,381,0,
286,386,0,
287,384,0,
285,383,0,
283,381,0,
282,381,0,
280,386,0,
280,385,0,
278,382,0,
275,381,0,
275,382,0,
273,386,0,
273,384,0,
271,382,0,
271,381,0,
270,382,0,
269,386,0,
270,382,0,
268,381,0,
268,380,0,
268,382,0,
269,386,0,
270,383,0,
269,381,0,
269,379,0,
268,382,0,
270,385,0,
271,383,0,
269,381,0,
270,380,0,
269,382,0,
270,385,0,
271,382,0,
269,380,0,
270,380,0,
271,383,0,
271,385,0,
272,382,0,
273,380,0,
274,380,0,
275,384,0,
277,384,0,
279,382,0,
284,380,0,
288,379,0,
292,385,0,
299,384,0,
305,380,0,
312,380,0,
319,380,0,
327,384,0,
335,384,0,
345,381,0,
353,380,0,
362,381,0,
372,384,0,
381,383,0,
391,381,0,
400,380,0,
407,381,0,
417,385,0,
426,382,0,
432,381,0,
440,379,0,
445,382,0,
451,386,0,
456,383,0,
459,381,0,
462,381,0,
464,382,0,
465,385,0,
467,383,0,
467,380,0,
465,381,0,
463,383,0,
462,384,0,
458,383,0,
454,381,0,
451,379,0,
444,384,0,
440,385,0,
434,383,0,
428,380,0,
421,381,0,
415,384,0,
408,385,0,
401,381,0,
393,381,0,
384,381,0,
378,385,0,
370,385,0,
363,380,0,
354,381,0,
347,381,0,
340,385,0,
335,384,0,
328,381,0,
320,380,0,
315,381,0,
310,385,0,
306,383,0,
300,381,0,
296,379,0,
291,381,0,
289,385,0,
286,383,0,
283,379,0,
279,380,0,
277,381,0,
275,385,0,
276,382,0,
275,380,0,
275,378,0,
273,382,0,
275,384,0,
277,382,0,
278,379,0,
278,378,0,
278,383,0,
280,384,0,
282,381,0,
281,379,0,
284,379,0,
284,383,0,
286,384,0,
288,379,0,
288,378,0,
289,379,0,
291,381,0,
293,383,0,
295,380,0,
296,378,0,
297,379,0,
299,383,0,
301,382,0,
303,379,0,
304,378,0,
304,378,0,
305,383,0,
307,382,0,
307,379,0,
308,378,0,
307,380,0,
308,383,0,
308,380,0,
306,379,0,
307,376,0,
304,380,0,
303,384,0,
301,380,0,
300,377,0,
299,377,0,
296,380,0,
295,383,0,
292,381,0,
291,378,0,
289,377,0,
287,380,0,
287,383,0,
285,380,0,
284,378,0,
283,377,0,
281,381,0,
282,383,0,
281,379,0,
279,376,0,
279,377,0,
277,381,0,
279,381,0,
278,379,0,
277,377,0,
279,377,0,
277,382,0,
281,380,0,
281,379,0,
281,376,0,
282,376,0,
282,382,0,
287,380,0,
286,378,0,
288,376,0,
289,377,0,
290,382,0,
295,380,0,
296,378,0,
297,377,0,
298,378,0,
300,382,0,
305,381,0,
307,377,0,
311,376,0,
314,379,0,
319,381,0,
323,380,0,
330,377,0,
335,377,0,
341,378,0,
348,382,0,
356,378,0,
364,378,0,
372,376,0,
378,380,0,
388,381,0,
396,379,0,
404,377,0,
410,377,0,
417,380,0,
424,382,0,
431,378,0,
435,377,0,
441,376,0,
443,381,0,
446,382,0,
450,379,0,
452,377,0,
454,377,0,
453,382,0,
453,381,0,
453,378,0,
453,377,0,
449,377,0,
448,381,0,
446,381,0,
444,377,0,
439,377,0,
436,376,0,
431,383,0,
425,381,0,
420,377,0,
413,376,0,
406,378,0,
399,383,0,
392,379,0,
384,377,0,
377,378,0,
370,379,0,
361,383,0,
355,380,0,
346,378,0,
341,377,0,
332,380,0,
326,382,0,
320,380,0,
314,376,0,
308,377,0,
302,379,0,
297,382,0,
292,379,0,
288,377,0,
283,376,0,
278,380,0,
275,381,0,
274,378,0,
271,377,0,
269,376,0,
266,380,0,
267,380,0,
264,378,0,
265,375,0,
266,376,0,
266,380,0,
266,381,0,
269,376,0,
268,376,0,
271,376,0,
272,381,0,
277,380,0,
279,377,0,
281,375,0,
283,377,0,
286,381,0,
289,379,0,
289,377,0,
292,376,0,
293,376,0,
294,381,0,
296,379,0,
297,375,0,
297,376,0,
298,378,0,
298,380,0,
298,378,0,
297,376,0,
298,376,0,
296,378,0,
296,381,0,
297,377,0,
295,375,0,
293,376,0,
291,378,0,
290,380,0,
289,378,0,
286,376,0,
285,375,0,
282,379,0,
282,380,0,
281,377,0,
278,376,0,
276,376,0,
275,380,0,
274,379,0,
272,377,0,
271,376,0,
271,376,0,
269,380,0,
269,380,0,
269,375,0,
268,375,0,
268,376,0,
267,379,0,
266,378,0,
266,376,0,
266,375,0,
265,375,0,
262,381,0,
264,379,0,
264,375,0,
264,375,0,
263,377,0,
264,379,0,
264,378,0,
265,376,0,
263,375,0,
262,377,0,
264,380,0,
264,378,0,
264,376,0,
265,374,0,
264,378,0,
266,381,0,
269,376,0,
270,376,0,
273,375,0,
276,378,0,
279,381,0,
285,377,0,
291,375,0,
296,375,0,
303,379,0,
312,379,0,
320,377,0,
330,376,0,
340,375,0,
349,380,0,
362,379,0,
373,376,0,
383,375,0,
395,376,0,
407,379,0,
420,379,0,
429,377,0,
441,375,0,
451,376,0,
461,380,0,
470,379,0,
477,376,0,
483,376,0,
488,377,0,
492,381,0,
496,379,0,
499,376,0,
499,376,0,
500,378,0,
499,382,0,
498,379,0,
494,377,0,
491,374,0,
485,379,0,
481,382,0,
475,379,0,
469,377,0,
462,376,0,
455,379,0,
448,382,0,
440,378,0,
432,377,0,
423,376,0,
414,381,0,
406,382,0,
397,378,0,
386,377,0,
378,376,0,
368,381,0,
362,381,0,
352,378,0,
343,377,0,
336,376,0,
327,381,0,
320,381,0,
314,377,0,
307,376,0,
301,377,0,
296,381,0,
290,381,0,
289,377,0,
285,376,0,
281,377,0,
280,381,0,
280,380,0,
277,377,0,
278,376,0,
277,377,0,
277,381,0,
279,378,0,
279,376,0,
281,376,0,
281,377,0,
282,381,0,
283,378,0,
283,376,0,
284,376,0,
286,379,0,
286,382,0,
287,377,0,
288,376,0,
287,376,0,
289,379,0,
290,381,0,
290,378,0,
290,376,0,
289,376,0,
290,380,0,
290,381,0,
290,378,0,
289,376,0,
289,376,0,
287,380,0,
288,381,0,
287,377,0,
286,376,0,
284,376,0,
285,381,0,
284,381,0,
285,377,0,
283,377,0,
281,375,0,
281,382,0,
282,379,0,
279,377,0,
279,376,0,
277,377,0,
278,381,0,
277,380,0,
277,376,0,
275,376,0,
273,376,0,
270,382,0,
271,379,0,
269,377,0,
267,376,0,
264,378,0,
263,382,0,
263,379,0,
261,377,0,
259,375,0,
259,378,0,
258,382,0,
258,379,0,
259,375,0,
258,376,0,
257,379,0,
259,381,0,
261,378,0,
262,377,0,
261,376,0,
263,380,0,
265,381,0,
267,378,0,
270,375,0,
272,376,0,
271,380,0,
277,380,0,
280,377,0,
283,376,0,
284,377,0,
285,380,0,
289,381,0,
291,376,0,
294,376,0,
296,377,0,
300,381,0,
304,381,0,
309,376,0,
314,377,0,
319,377,0,
326,382,0,
333,380,0,
342,377,0,
350,376,0,
358,378,0,
366,382,0,
377,378,0,
387,377,0,
397,376,0,
406,379,0,
415,383,0,
425,380,0,
434,377,0,
443,376,0,
451,380,0,
458,383,0,
466,380,0,
473,377,0,
478,377,0,
483,381,0,
487,383,0,
491,378,0,
493,378,0,
495,376,0,
495,381,0,
495,383,0,
494,378,0,
491,378,0,
490,377,0,
486,382,0,
482,382,0,
478,378,0,
471,378,0,
465,376,0,
458,382,0,
451,382,0,
444,379,0,
435,378,0,
426,377,0,
417,383,0,
408,382,0,
399,378,0,
388,378,0,
379,378,0,
368,383,0,
360,381,0,
350,378,0,
341,377,0,
332,379,0,
323,382,0,
316,380,0,
308,378,0,
302,376,0,
294,378,0,
289,383,0,
285,379,0,
279,377,0,
274,377,0,
271,378,0,
268,383,0,
266,379,0,
263,376,0,
260,377,0,
258,380,0,
256,383,0,
257,379,0,
256,376,0,
257,377,0,
257,380,0,
257,382,0,
258,379,0,
259,377,0,
260,376,0,
260,381,0,
262,380,0,
262,378,0,
262,377,0,
264,376,0,
264,382,0,
266,381,0,
265,377,0,
266,377,0,
266,377,0,
264,382,0,
267,381,0,
267,378,0,
268,377,0,
268,378,0,
268,382,0,
271,380,0,
271,377,0,
271,377,0,
273,377,0,
273,382,0,
274,380,0,
275,377,0,
276,377,0,
275,379,0,
276,382,0,
276,380,0,
277,377,0,
277,378,0,
277,380,0,
277,382,0,
278,380,0,
279,377,0,
280,378,0,
279,381,0,
281,382,0,
279,379,0,
281,377,0,
281,377,0,
280,381,0,
282,381,0,
282,379,0,
283,377,0,
283,376,0,
282,382,0,
286,381,0,
286,379,0,
287,377,0,
288,377,0,
289,382,0,
293,381,0,
293,379,0,
293,378,0,
296,378,0,
297,382,0,
300,381,0,
302,378,0,
301,378,0,
302,378,0,
301,383,0,
304,380,0,
305,378,0,
304,378,0,
304,379,0,
306,382,0,
308,381,0,
310,377,0,
311,377,0,
312,380,0,
316,383,0,
322,380,0,
326,378,0,
331,377,0,
337,380,0,
343,383,0,
352,380,0,
359,379,0,
368,377,0,
376,380,0,
385,383,0,
395,378,0,
404,379,0,
413,377,0,
420,382,0,
430,383,0,
437,380,0,
443,379,0,
450,378,0,
453,383,0,
460,382,0,
461,380,0,
464,379,0,
464,378,0,
464,383,0,
465,381,0,
463,380,0,
461,379,0,
457,379,0,
452,384,0,
450,382,0,
444,380,0,
439,378,0,
431,381,0,
428,384,0,
422,382,0,
416,379,0,
409,379,0,
401,381,0,
395,383,0,
389,382,0,
382,379,0,
375,379,0,
368,382,0,
362,385,0,
355,381,0,
348,379,0,
341,379,0,
334,382,0,
328,383,0,
323,381,0,
317,379,0,
311,379,0,
306,383,0,
302,384,0,
297,381,0,
294,379,0,
292,377,0,
288,383,0,
287,383,0,
285,380,0,
281,379,0,
281,378,0,
280,383,0,
280,383,0,
280,380,0,
279,379,0,
278,379,0,
280,383,0,
280,383,0,
281,379,0,
282,378,0,
282,379,0,
283,384,0,
286,382,0,
285,380,0,
287,378,0,
288,380,0,
289,383,0,
291,382,0,
292,379,0,
292,379,0,
293,380,0,
292,383,0,
294,381,0,
294,379,0,
293,379,0,
293,380,0,
294,384,0,
295,380,0,
294,379,0,
293,379,0,
293,380,0,
293,384,0,
293,380,0,
294,378,0,
292,379,0,
289,383,0,
292,383,0,
292,380,0,
292,379,0,
291,378,0,
289,384,0,
288,383,0,
290,379,0,
289,379,0,
287,379,0,
287,383,0,
287,383,0,
286,380,0,
286,378,0,
285,379,0,
284,384,0,
285,381,0,
284,379,0,
284,379,0,
283,380,0,
283,384,0,
282,382,0,
283,379,0,
282,379,0,
281,380,0,
281,385,0,
280,382,0,
280,379,0,
280,379,0,
280,381,0,
280,384,0,
279,382,0,
281,379,0,
279,379,0,
279,381,0,
277,385,0,
277,382,0,
276,379,0,
276,380,0,
274,383,0,
274,383,0,
273,381,0,
273,380,0,
275,379,0,
275,383,0,
279,384,0,
282,381,0,
286,380,0,
292,379,0,
298,384,0,
303,383,0,
311,381,0,
318,379,0,
328,379,0,
336,383,0,
345,384,0,
356,381,0,
366,378,0,
375,380,0,
385,384,0,
397,383,0,
406,381,0,
415,380,0,
425,380,0,
434,385,0,
443,383,0,
450,380,0,
457,378,0,
463,382,0,
469,384,0,
475,382,0,
478,381,0,
482,380,0,
484,382,0,
487,385,0,
486,383,0,
487,380,0,
485,380,0,
484,382,0,
481,386,0,
479,381,0,
474,381,0,
470,380,0,
463,384,0,
457,386,0,
450,382,0,
441,381,0,
434,380,0,
423,385,0,
417,385,0,
407,382,0,
400,380,0,
389,381,0,
381,385,0,
373,384,0,
365,382,0,
356,380,0,
346,381,0,
339,385,0,
331,385,0,
324,382,0,
319,380,0,
310,382,0,
305,385,0,
300,384,0,
295,381,0,
290,379,0,
285,381,0,
282,384,0,
277,383,0,
275,379,0,
272,380,0,
270,381,0,
268,385,0,
267,383,0,
266,379,0,
265,379,0,
263,382,0,
264,385,0,
265,382,0,
263,380,0,
264,380,0,
264,383,0,
266,385,0,
267,381,0,
268,380,0,
270,380,0,
270,383,0,
274,384,0,
276,382,0,
279,380,0,
281,379,0,
282,384,0,
286,384,0,
288,381,0,
291,379,0,
292,380,0,
293,384,0,
295,384,0,
296,381,0,
297,379,0,
295,380,0,
297,383,0,
297,384,0,
297,380,0,
297,379,0,
294,380,0,
296,385,0,
296,384,0,
297,380,0,
295,380,0,
293,381,0,
295,385,0,
294,383,0,
295,380,0,
294,380,0,
293,381,0,
292,385,0,
293,383,0,
291,380,0,
290,380,0,
289,381,0,
287,386,0,
289,382,0,
287,381,0,
284,380,0,
285,381,0,
284,385,0,
285,380,0,
283,381,0,
281,379,0,
281,383,0,
281,385,0,
282,381,0,
281,381,0,
280,380,0,
279,384,0,
279,383,0,
279,381,0,
278,379,0,
276,381,0,
276,384,0,
277,383,0,
276,381,0,
277,380,0,
275,381,0,
274,385,0,
275,383,0,
274,381,0,
275,380,0,
276,380,0,
278,385,0,
282,384,0,
285,381,0,
287,380,0,
292,381,0,
297,384,0,
303,383,0,
309,380,0,
316,380,0,
323,382,0,
331,386,0,
340,383,0,
349,380,0,
357,380,0,
365,383,0,
376,385,0,
386,382,0,
393,381,0,
402,379,0,
410,384,0,
417,386,0,
426,382,0,
433,380,0,
439,381,0,
444,384,0,
450,385,0,
454,382,0,
458,381,0,
459,381,0,
461,384,0,
463,385,0,
464,382,0,
464,382,0,
463,381,0,
460,386,0,
459,384,0,
455,382,0,
453,380,0,
447,382,0,
442,386,0,
437,385,0,
431,381,0,
425,381,0,
417,383,0,
411,386,0,
404,385,0,
398,382,0,
391,382,0,
383,382,0,
375,387,0,
369,384,0,
361,382,0,
354,381,0,
345,383,0,
339,386,0,
331,384,0,
325,380,0,
319,381,0,
313,382,0,
307,387,0,
303,383,0,
299,381,0,
295,380,0,
290,384,0,
287,386,0,
285,383,0,
282,382,0,
280,381,0,
279,384,0,
277,386,0,
276,382,0,
275,381,0,
275,381,0,
274,385,0,
276,384,0,
276,383,0,
276,381,0,
277,381,0,
278,386,0,
280,385,0,
280,382,0,
282,381,0,
282,382,0,
286,385,0,
286,385,0,
288,381,0,
289,381,0,
290,381,0,
292,386,0,
293,384,0,
293,382,0,
295,380,0,
293,383,0,
296,386,0,
296,385,0,
297,381,0,
298,381,0,
296,383,0,
298,387,0,
298,383,0,
298,381,0,
297,381,0,
297,384,0,
297,386,0,
296,383,0,
294,382,0,
293,381,0,
292,384,0,
292,386,0,
291,382,0,
290,381,0,
288,380,0,
287,385,0,
287,386,0,
287,383,0,
284,382,0,
284,381,0,
282,385,0,
283,386,0,
283,382,0,
281,381,0,
280,381,0,
278,385,0,
278,386,0,
279,381,0,
278,381,0,
276,382,0,
276,385,0,
276,385,0,
276,382,0,
274,382,0,
273,382,0,
273,387,0,
274,384,0,
274,382,0,
275,381,0,
273,383,0,
273,386,0,
273,385,0,
275,381,0,
276,381,0,
276,383,0,
277,386,0,
277,384,0,
281,382,0,
283,380,0,
285,385,0,
289,387,0,
293,383,0,
298,382,0,
304,380,0,
309,385,0,
317,387,0,
324,383,0,
332,382,0,
341,381,0,
348,386,0,
359,387,0,
368,382,0,
376,382,0,
387,381,0,
395,386,0,
405,387,0,
414,382,0,
421,382,0,
429,382,0,
436,386,0,
441,387,0,
448,383,0,
453,382,0,
455,383,0,
460,387,0,
463,386,0,
466,383,0,
467,381,0,
466,384,0,
467,388,0,
465,385,0,
464,383,0,
462,383,0,
458,384,0,
453,389,0,
451,386,0,
446,383,0,
439,383,0,
433,385,0,
429,387,0,
422,386,0,
416,383,0,
409,383,0,
401,385,0,
394,388,0,
387,385,0,
379,383,0,
371,382,0,
362,387,0,
356,387,0,
349,383,0,
341,383,0,
335,382,0,
328,386,0,
321,387,0,
316,383,0,
309,382,0,
303,382,0,
299,386,0,
295,385,0,
290,382,0,
286,381,0,
281,381,0,
278,384,0,
277,384,0,
275,380,0,
272,380,0,
271,380,0,
270,383,0,
268,382,0,
269,380,0,
269,377,0,
267,380,0,
268,383,0,
269,380,0,
269,378,0,
271,378,0,
273,379,0,
273,382,0,
276,379,0,
278,376,0,
280,376,0,
281,378,0,
284,380,0,
285,378,0,
286,374,0,
286,375,0,
289,377,0,
290,379,0,
293,374,0,
293,374,0,
295,372,0,
294,376,0,
297,377,0,
297,375,0,
297,373,0,
296,373,0,
297,375,0,
298,377,0,
299,373,0,
298,373,0,
297,372,0,
296,376,0,
297,374,0,
297,373,0,
295,371,0,
293,372,0,
292,376,0,
292,375,0,
291,372,0,
290,370,0,
288,372,0,
288,375,0,
287,374,0,
287,371,0,
286,371,0,
284,372,0,
285,375,0,
285,372,0,
286,371,0,
285,370,0,
284,373,0,
285,376,0,
285,373,0,
284,371,0,
284,371,0,
283,372,0,
282,376,0,
284,373,0,
283,369,0,
283,371,0,
282,374,0,
283,374,0,
282,373,0,
283,371,0,
283,371,0,
280,374,0,
282,376,0,
283,372,0,
282,371,0,
283,371,0,
283,375,0,
284,375,0,
287,372,0,
288,370,0,
289,371,0,
294,376,0,
298,374,0,
303,372,0,
309,371,0,
314,372,0,
322,376,0,
331,374,0,
337,372,0,
348,371,0,
358,371,0,
368,377,0,
379,375,0,
390,371,0,
401,372,0,
412,373,0,
421,378,0,
431,375,0,
441,373,0,
450,373,0,
458,375,0,
465,379,0,
473,375,0,
479,375,0,
484,375,0,
488,378,0,
491,381,0,
496,376,0,
497,376,0,
500,376,0,
500,380,0,
501,381,0,
499,379,0,
497,376,0,
493,378,0,
492,382,0,
489,383,0,
484,379,0,
480,378,0,
475,378,0,
470,383,0,
464,383,0,
457,380,0,
448,380,0,
442,379,0,
434,384,0,
428,384,0,
419,382,0,
411,379,0,
401,381,0,
394,385,0,
386,384,0,
377,381,0,
368,381,0,
359,381,0,
350,385,0,
343,384,0,
333,382,0,
326,381,0,
317,383,0,
311,386,0,
305,384,0,
298,382,0,
291,382,0,
287,383,0,
282,386,0,
280,384,0,
277,382,0,
275,380,0,
273,384,0,
275,386,0,
275,384,0,
278,382,0,
279,382,0,
281,384,0,
284,386,0,
289,383,0,
290,382,0,
293,380,0,
294,385,0,
299,384,0,
300,383,0,
304,381,0,
304,382,0,
307,385,0,
310,387,0,
312,382,0,
312,382,0,
312,382,0,
313,386,0,
313,386,0,
314,383,0,
313,382,0,
312,382,0,
310,387,0,
311,384,0,
310,382,0,
309,382,0,
306,383,0,
306,387,0,
304,386,0,
304,382,0,
301,383,0,
299,383,0,
297,388,0,
296,385,0,
293,383,0,
291,382,0,
288,385,0,
287,387,0,
286,385,0,
283,382,0,
280,383,0,
278,384,0,
277,388,0,
275,384,0,
273,383,0,
273,382,0,
270,386,0,
269,388,0,
269,385,0,
268,382,0,
266,383,0,
265,386,0,
265,387,0,
265,383,0,
264,383,0,
265,382,0,
263,387,0,
265,385,0,
263,384,0,
265,383,0,
265,382,0,
264,387,0,
265,387,0,
266,384,0,
266,382,0,
264,384,0,
266,388,0,
269,386,0,
269,382,0,
268,383,0,
270,384,0,
272,388,0,
275,385,0,
275,383,0,
278,383,0,
280,383,0,
282,388,0,
286,386,0,
290,383,0,
293,383,0,
296,385,0,
303,387,0,
308,385,0,
314,383,0,
321,383,0,
328,386,0,
336,389,0,
346,385,0,
354,383,0,
362,383,0,
370,387,0,
382,387,0,
391,385,0,
400,383,0,
409,383,0,
417,388,0,
429,388,0,
438,384,0,
445,383,0,
453,383,0,
460,388,0,
467,387,0,
471,385,0,
477,384,0,
480,383,0,
483,389,0,
487,387,0,
488,384,0,
487,384,0,
487,385,0,
486,389,0,
485,386,0,
480,385,0,
478,384,0,
473,385,0,
468,388,0,
462,387,0,
455,385,0,
449,384,0,
441,385,0,
433,389,0,
426,386,0,
418,384,0,
409,383,0,
400,386,0,
392,389,0,
383,386,0,
375,384,0,
365,383,0,
357,386,0,
350,387,0,
342,385,0,
333,383,0,
327,383,0,
320,386,0,
315,387,0,
308,385,0,
303,383,0,
297,383,0,
293,387,0,
290,386,0,
288,384,0,
283,383,0,
281,382,0,
280,386,0,
278,387,0,
279,382,0,
278,383,0,
277,383,0,
278,387,0,
280,386,0,
282,383,0,
283,381,0,
284,383,0,
285,387,0,
287,386,0,
291,382,0,
291,382,0,
293,383,0,
294,387,0,
298,385,0,
300,382,0,
301,382,0,
302,384,0,
304,387,0,
305,384,0,
303,383,0,
306,382,0,
305,383,0,
305,386,0,
304,384,0,
304,382,0,
304,381,0,
301,385,0,
300,387,0,
299,384,0,
297,382,0,
295,381,0,
293,384,0,
291,386,0,
288,383,0,
287,381,0,
284,381,0,
280,386,0,
278,386,0,
277,382,0,
274,381,0,
271,382,0,
268,386,0,
267,385,0,
264,380,0,
261,381,0,
259,381,0,
259,386,0,
258,384,0,
257,381,0,
257,381,0,
257,381,0,
257,386,0,
259,383,0,
260,380,0,
261,380,0,
261,382,0,
265,385,0,
267,383,0,
268,381,0,
270,380,0,
269,383,0,
273,384,0,
274,382,0,
275,380,0,
274,380,0,
275,383,0,
276,384,0,
277,382,0,
279,380,0,
279,380,0,
279,382,0,
279,384,0,
280,380,0,
280,380,0,
280,379,0,
279,383,0,
280,384,0,
279,381,0,
280,378,0,
280,379,0,
280,382,0,
281,383,0,
282,379,0,
283,379,0,
284,378,0,
285,383,0,
288,382,0,
291,379,0,
296,378,0,
300,379,0,
304,382,0,
310,382,0,
317,378,0,
322,379,0,
330,379,0,
335,383,0,
345,380,0,
350,379,0,
360,378,0,
368,379,0,
376,383,0,
384,381,0,
392,378,0,
400,377,0,
406,380,0,
412,383,0,
419,380,0,
424,377,0,
429,377,0,
433,380,0,
436,383,0,
440,379,0,
441,377,0,
443,377,0,
442,381,0,
443,382,0,
441,379,0,
440,377,0,
439,377,0,
437,381,0,
433,382,0,
430,378,0,
3,382,0,
383,381,0,
396,379,0,
405,385,0,
417,384,0,
426,382,0,
437,380,0,
446,381,0,
454,385,0,
462,385,0,
469,382,0,
475,381,0,
479,381,0,
484,384,0,
487,385,0,
490,381,0,
491,380,0,
491,382,0,
491,386,0,
490,385,0,
488,382,0,
484,381,0,
481,383,0,
478,387,0,
472,385,0,
466,382,0,
461,381,0,
453,384,0,
446,386,0,
439,384,0,
430,383,0,
421,382,0,
414,384,0,
406,387,0,
397,383,0,
388,382,0,
379,382,0,
370,385,0,
363,387,0,
354,383,0,
345,381,0,
338,381,0,
330,385,0,
325,386,0,
317,383,0,
311,381,0,
306,381,0,
301,385,0,
298,385,0,
292,383,0,
289,382,0,
287,381,0,
282,386,0,
283,384,0,
282,383,0,
280,382,0,
281,380,0,
281,385,0,
283,385,0,
284,382,0,
284,382,0,
285,382,0,
288,385,0,
290,384,0,
293,381,0,
294,382,0,
295,383,0,
298,386,0,
300,384,0,
303,382,0,
305,380,0,
305,384,0,
306,386,0,
310,384,0,
310,382,0,
313,381,0,
313,384,0,
314,386,0,
316,383,0,
316,382,0,
317,381,0,
315,385,0,
316,386,0,
316,383,0,
314,382,0,
315,381,0,
314,384,0,
312,386,0,
313,381,0,
312,381,0,
312,382,0,
309,384,0,
310,385,0,
308,382,0,
309,381,0,
306,382,0,
304,386,0,
305,385,0,
305,382,0,
304,380,0,
303,382,0,
301,386,0,
301,385,0,
301,382,0,
300,380,0,
299,382,0,
296,387,0,
297,384,0,
297,381,0,
295,381,0,
294,383,0,
292,387,0,
291,384,0,
290,380,0,
288,381,0,
287,383,0,
286,386,0,
285,384,0,
283,382,0,
282,381,0,
279,384,0,
278,386,0,
276,382,0,
275,381,0,
272,381,0,
271,383,0,
269,386,0,
267,383,0,
265,380,0,
262,381,0,
261,383,0,
260,385,0,
257,382,0,
256,380,0,
255,380,0,
254,385,0,
253,384,0,
253,381,0,
249,381,0,
251,380,0,
249,384,0,
250,384,0,
249,380,0,
249,381,0,
249,381,0,
248,385,0,
249,383,0,
249,381,0,
250,380,0,
249,381,0,
251,385,0,
251,383,0,
252,381,0,
253,380,0,
253,382,0,
256,385,0,
259,382,0,
261,381,0,
265,379,0,
269,383,0,
276,385,0,
282,382,0,
289,381,0,
297,379,0,
304,383,0,
314,385,0,
324,383,0,
333,381,0,
344,381,0,
354,384,0,
366,384,0,
377,383,0,
388,381,0,
398,382,0,
410,384,0,
421,385,0,
432,383,0,
441,381,0,
450,382,0,
459,385,0,
467,384,0,
473,382,0,
479,381,0,
483,382,0,
487,386,0,
491,385,0,
492,383,0,
493,381,0,
490,382,0,
490,385,0,
488,385,0,
485,383,0,
480,381,0,
475,383,0,
470,387,0,
464,385,0,
458,383,0,
451,381,0,
442,384,0,
434,387,0,
426,384,0,
416,383,0,
409,381,0,
397,385,0,
389,387,0,
381,383,0,
371,383,0,
363,383,0,
353,385,0,
344,387,0,
336,384,0,
328,382,0,
320,382,0,
313,385,0,
306,385,0,
299,384,0,
294,382,0,
288,382,0,
282,386,0,
280,385,0,
275,383,0,
272,382,0,
269,382,0,
265,386,0,
265,385,0,
263,383,0,
264,381,0,
264,382,0,
263,386,0,
265,384,0,
267,383,0,
269,382,0,
271,383,0,
272,386,0,
275,384,0,
278,382,0,
281,381,0,
283,383,0,
284,386,0,
289,384,0,
292,382,0,
296,381,0,
298,384,0,
301,386,0,
305,382,0,
306,382,0,
310,380,0,
311,384,0,
314,386,0,
317,383,0,
318,382,0,
321,381,0,
320,385,0,
323,386,0,
324,383,0,
325,382,0,
326,382,0,
327,384,0,
327,386,0,
328,383,0,
328,382,0,
327,382,0,
327,385,0,
328,384,0,
328,383,0,
327,382,0,
327,381,0,
324,386,0,
326,385,0,
324,382,0,
322,382,0,
321,382,0,
320,385,0,
318,385,0,
318,381,0,
316,381,0,
315,383,0,
314,386,0,
314,384,0,
313,381,0,
311,382,0,
309,383,0,
308,386,0,
305,384,0,
305,382,0,
304,381,0,
301,384,0,
301,386,0,
300,384,0,
297,382,0,
297,382,0,
295,384,0,
293,386,0,
292,383,0,
291,381,0,
289,382,0,
288,385,0,
285,386,0,
285,383,0,
281,382,0,
281,382,0,
277,386,0,
278,385,0,
276,383,0,
273,381,0,
271,382,0,
272,384,0,
271,386,0,
270,383,0,
269,381,0,
269,382,0,
268,387,0,
268,384,0,
268,383,0,
268,382,0,
270,383,0,
271,386,0,
275,384,0,
277,383,0,
281,382,0,
284,383,0,
291,386,0,
298,385,0,
305,382,0,
313,382,0,
321,383,0,
331,387,0,
343,384,0,
354,383,0,
365,382,0,
377,384,0,
390,387,0,
402,384,0,
412,383,0,
425,382,0,
436,385,0,
449,387,0,
459,385,0,
468,382,0,
477,383,0,
485,386,0,
492,387,0,
499,384,0,
504,383,0,
507,383,0,
510,385,0,
512,386,0,
514,384,0,
512,384,0,
510,383,0,
506,387,0,
504,387,0,
499,384,0,
495,383,0,
487,384,0,
482,387,0,
474,387,0,
468,383,0,
459,384,0,
450,384,0,
441,388,0,
432,386,0,
424,385,0,
413,383,0,
404,384,0,
394,389,0,
385,385,0,
376,384,0,
367,382,0,
355,385,0,
347,388,0,
340,385,0,
332,383,0,
325,384,0,
315,386,0,
309,388,0,
303,385,0,
298,382,0,
292,383,0,
287,386,0,
283,388,0,
279,385,0,
277,383,0,
274,383,0,
272,385,0,
269,387,0,
270,384,0,
270,383,0,
270,382,0,
270,387,0,
271,386,0,
274,384,0,
275,382,0,
278,383,0,
279,387,0,
283,385,0,
285,384,0,
290,383,0,
292,383,0,
295,387,0,
297,387,0,
301,383,0,
304,383,0,
306,383,0,
310,387,0,
310,386,0,
313,384,0,
316,383,0,
317,385,0,
319,387,0,
320,386,0,
320,384,0,
322,382,0,
321,385,0,
323,388,0,
323,386,0,
322,384,0,
322,382,0,
320,385,0,
321,388,0,
320,384,0,
320,384,0,
318,382,0,
316,386,0,
316,388,0,
316,384,0,
313,383,0,
313,383,0,
311,386,0,
308,387,0,
308,384,0,
306,383,0,
304,383,0,
302,386,0,
300,387,0,
300,384,0,
298,383,0,
296,383,0,
294,387,0,
293,387,0,
293,383,0,
291,383,0,
290,383,0,
289,386,0,
288,386,0,
287,382,0,
286,383,0,
285,383,0,
284,387,0,
285,385,0,
284,383,0,
282,383,0,
282,385,0,
281,388,0,
281,386,0,
281,383,0,
281,383,0,
279,385,0,
279,387,0,
277,385,0,
277,383,0,
276,381,0,
272,386,0,
273,387,0,
271,384,0,
270,383,0,
269,382,0,
268,386,0,
266,387,0,
266,384,0,
263,383,0,
263,383,0,
260,387,0,
261,386,0,
262,384,0,
261,383,0,
262,383,0,
262,387,0,
265,386,0,
269,384,0,
271,383,0,
276,383,0,
280,387,0,
288,386,0,
294,384,0,
301,383,0,
310,384,0,
320,387,0,
329,385,0,
338,384,0,
350,382,0,
360,384,0,
373,388,0,
385,386,0,
395,384,0,
408,382,0,
418,385,0,
430,387,0,
441,385,0,
449,384,0,
460,382,0,
465,386,0,
475,388,0,
481,386,0,
485,384,0,
489,384,0,
491,387,0,
492,388,0,
493,384,0,
492,384,0,
490,384,0,
486,387,0,
482,388,0,
478,385,0,
472,384,0,
466,383,0,
457,388,0,
450,388,0,
441,384,0,
431,384,0,
423,384,0,
412,388,0,
403,387,0,
393,385,0,
382,384,0,
373,383,0,
362,388,0,
353,387,0,
343,384,0,
334,384,0,
325,384,0,
315,388,0,
308,387,0,
301,384,0,
293,384,0,
286,385,0,
281,387,0,
276,387,0,
271,384,0,
265,384,0,
261,386,0,
259,388,0,
257,386,0,
257,384,0,
253,384,0,
252,385,0,
252,388,0,
253,386,0,
254,383,0,
254,383,0,
256,386,0,
256,388,0,
260,385,0,
262,384,0,
264,383,0,
267,387,0,
270,387,0,
274,385,0,
276,383,0,
280,383,0,
282,387,0,
284,387,0,
289,384,0,
291,383,0,
295,383,0,
296,388,0,
299,386,0,
302,384,0,
303,383,0,
305,384,0,
305,388,0,
306,386,0,
307,384,0,
307,383,0,
308,384,0,
307,388,0,
307,386,0,
306,383,0,
305,383,0,
304,384,0,
302,388,0,
301,385,0,
300,384,0,
299,383,0,
297,385,0,
294,388,0,
293,386,0,
291,384,0,
290,382,0,
288,385,0,
285,388,0,
284,385,0,
281,384,0,
280,382,0,
278,387,0,
276,388,0,
275,384,0,
272,383,0,
273,382,0,
270,387,0,
270,387,0,
269,383,0,
268,384,0,
269,383,0,
268,387,0,
269,387,0,
269,383,0,
269,383,0,
270,383,0,
271,387,0,
272,387,0,
273,384,0,
274,383,0,
272,384,0,
275,387,0,
275,387,0,
275,383,0,
275,383,0,
274,384,0,
275,386,0,
276,386,0,
273,384,0,
277,383,0,
274,385,0,
277,388,0,
276,386,0,
276,383,0,
277,383,0,
276,385,0,
278,387,0,
277,386,0,
279,383,0,
279,383,0,
278,385,0,
281,388,0,
282,385,0,
282,383,0,
281,383,0,
285,386,0,
287,388,0,
291,384,0,
295,384,0,
298,383,0,
305,387,0,
312,388,0,
320,383,0,
328,384,0,
335,384,0,
345,387,0,
355,387,0,
366,383,0,
377,383,0,
385,384,0,
397,387,0,
407,387,0,
420,383,0,
430,384,0,
438,384,0,
448,388,0,
457,386,0,
465,385,0,
473,384,0,
478,386,0,
484,389,0,
489,386,0,
491,385,0,
495,384,0,
496,385,0,
496,389,0,
498,386,0,
495,385,0,
495,384,0,
492,386,0,
488,390,0,
485,386,0,
479,383,0,
472,385,0,
465,387,0,
458,389,0,
449,386,0,
441,384,0,
431,383,0,
422,388,0,
413,388,0,
403,386,0,
393,385,0,
383,383,0,
372,388,0,
363,388,0,
353,386,0,
343,385,0,
335,385,0,
325,388,0,
316,389,0,
310,385,0,
301,385,0,
294,385,0,
287,388,0,
282,388,0,
276,384,0,
270,385,0,
264,385,0,
262,388,0,
258,387,0,
256,384,0,
254,384,0,
251,386,0,
251,389,0,
252,387,0,
253,384,0,
253,385,0,
253,385,0,
256,389,0,
258,387,0,
261,384,0,
262,384,0,
266,386,0,
269,389,0,
272,386,0,
277,384,0,
280,383,0,
283,387,0,
285,389,0,
290,384,0,
292,384,0,
297,383,0,
299,388,0,
301,389,0,
307,384,0,
307,384,0,
311,383,0,
312,388,0,
315,388,0,
316,385,0,
316,383,0,
317,384,0,
317,388,0,
316,388,0,
318,384,0,
316,385,0,
317,385,0,
316,388,0,
315,388,0,
315,384,0,
314,385,0,
312,385,0,
311,388,0,
310,387,0,
310,385,0,
307,384,0,
305,386,0,
304,389,0,
302,387,0,
301,384,0,
299,384,0,
298,387,0,
296,388,0,
294,387,0,
293,384,0,
290,385,0,
290,387,0,
289,389,0,
288,387,0,
287,384,0,
286,384,0,
285,388,0,
285,389,0,
284,386,0,
283,384,0,
281,384,0,
280,389,0,
280,389,0,
279,386,0,
277,384,0,
278,384,0,
276,388,0,
278,388,0,
275,386,0,
275,383,0,
274,385,0,
275,388,0,
276,388,0,
274,385,0,
275,384,0,
273,386,0,
277,389,0,
278,388,0,
281,384,0,
282,385,0,
285,386,0,
290,389,0,
297,386,0,
303,385,0,
309,384,0,
317,386,0,
325,390,0,
337,387,0,
345,386,0,
357,383,0,
368,387,0,
380,390,0,
393,387,0,
405,385,0,
417,385,0,
428,388,0,
442,389,0,
453,387,0,
465,385,0,
475,385,0,
483,389,0,
493,389,0,
502,386,0,
508,386,0,
513,386,0,
517,389,0,
521,390,0,
525,387,0,
526,386,0,
526,384,0,
525,390,0,
525,389,0,
523,387,0,
520,385,0,
516,387,0,
510,391,0,
507,389,0,
501,386,0,
496,386,0,
488,387,0,
481,390,0,
473,389,0,
466,387,0,
456,386,0,
446,387,0,
436,391,0,
427,388,0,
415,387,0,
405,386,0,
394,388,0,
383,391,0,
374,388,0,
363,386,0,
354,386,0,
342,389,0,
336,390,0,
327,388,0,
319,385,0,
312,386,0,
305,388,0,
300,391,0,
295,386,0,
290,385,0,
287,384,0,
282,390,0,
280,390,0,
278,387,0,
276,385,0,
275,386,0,
275,388,0,
276,390,0,
276,385,0,
277,385,0,
278,385,0,
279,390,0,
281,389,0,
283,385,0,
284,385,0,
287,386,0,
288,391,0,
293,388,0,
294,386,0,
296,385,0,
298,387,0,
300,391,0,
304,388,0,
305,386,0,
307,384,0,
308,387,0,
311,390,0,
311,388,0,
313,385,0,
313,385,0,
313,386,0,
314,391,0,
315,387,0,
315,385,0,
313,385,0,
313,388,0,
312,391,0,
312,386,0,
309,385,0,
309,385,0,
307,388,0,
306,390,0,
306,386,0,
303,384,0,
300,385,0,
299,389,0,
297,390,0,
295,387,0,
293,385,0,
289,386,0,
288,389,0,
287,388,0,
284,386,0,
283,385,0,
280,385,0,
279,390,0,
279,387,0,
276,386,0,
274,385,0,
272,384,0,
269,390,0,
270,388,0,
269,384,0,
266,385,0,
266,386,0,
264,390,0,
262,388,0,
261,386,0,
261,384,0,
259,387,0,
259,390,0,
258,386,0,
256,385,0,
258,384,0,
257,386,0,
256,390,0,
258,387,0,
259,384,0,
259,385,0,
261,388,0,
263,389,0,
265,387,0,
269,385,0,
272,383,0,
276,389,0,
283,389,0,
289,386,0,
295,385,0,
304,384,0,
313,389,0,
323,389,0,
335,384,0,
345,385,0,
359,385,0,
371,389,0,
387,389,0,
402,385,0,
416,384,0,
432,385,0,
447,390,0,
462,389,0,
475,385,0,
488,385,0,
499,387,0,
512,390,0,
523,389,0,
531,386,0,
541,385,0,
547,388,0,
553,391,0,
560,388,0,
562,386,0,
564,387,0,
566,388,0,
566,391,0,
565,389,0,
562,387,0,
558,387,0,
553,390,0,
548,392,0,
540,389,0,
533,387,0,
525,386,0,
514,391,0,
507,392,0,
496,387,0,
485,387,0,
475,387,0,
464,391,0,
452,391,0,
440,388,0,
429,386,0,
416,387,0,
404,391,0,
393,390,0,
381,387,0,
371,386,0,
357,387,0,
347,390,0,
337,390,0,
327,387,0,
318,387,0,
309,387,0,
299,391,0,
291,389,0,
285,387,0,
279,386,0,
273,387,0,
269,390,0,
264,389,0,
261,385,0,
258,386,0,
257,387,0,
256,391,0,
256,388,0,
256,385,0,
256,385,0,
258,388,0,
258,391,0,
261,387,0,
262,386,0,
267,385,0,
270,388,0,
274,391,0,
277,386,0,
279,386,0,
283,385,0,
286,389,0,
290,390,0,
294,387,0,
296,385,0,
300,386,0,
302,389,0,
305,389,0,
307,387,0,
309,386,0,
311,384,0,
311,390,0,
314,389,0,
315,385,0,
316,385,0,
316,386,0,
317,390,0,
318,389,0,
318,387,0,
318,385,0,
316,386,0,
315,391,0,
315,388,0,
313,386,0,
311,386,0,
310,387,0,
305,390,0,
304,389,0,
303,386,0,
301,385,0,
298,387,0,
297,390,0,
295,387,0,
292,386,0,
289,385,0,
287,387,0,
285,390,0,
282,388,0,
279,386,0,
276,385,0,
273,389,0,
271,390,0,
271,387,0,
267,386,0,
266,385,0,
263,389,0,
263,388,0,
261,386,0,
261,385,0,
258,385,0,
258,389,0,
257,389,0,
258,387,0,
259,385,0,
258,386,0,
257,390,0,
258,390,0,
260,386,0,
260,386,0,
261,385,0,
261,391,0,
265,388,0,
267,386,0,
272,385,0,
274,387,0,
279,389,0,
284,389,0,
291,386,0,
300,385,0,
307,387,0,
315,391,0,
325,388,0,
336,385,0,
349,385,0,
361,389,0,
375,390,0,
389,388,0,
403,386,0,
418,386,0,
434,388,0,
448,391,0,
463,388,0,
476,386,0,
491,385,0,
503,390,0,
515,390,0,
525,388,0,
535,385,0,
544,386,0,
552,390,0,
557,391,0,
563,386,0,
566,387,0,
569,387,0,
570,391,0,
571,390,0,
568,388,0,
567,386,0,
563,387,0,
560,391,0,
555,391,0,
548,388,0,
541,387,0,
533,387,0,
524,392,0,
515,390,0,
505,388,0,
495,386,0,
482,389,0,
473,391,0,
462,390,0,
449,388,0,
437,386,0,
423,389,0,
411,392,0,
399,390,0,
385,387,0,
373,387,0,
359,389,0,
350,392,0,
337,390,0,
325,387,0,
315,387,0,
305,389,0,
297,391,0,
291,388,0,
283,387,0,
276,387,0,
270,389,0,
265,390,0,
261,389,0,
256,387,0,
252,386,0,
247,390,0,
247,390,0,
244,388,0,
244,386,0,
242,387,0,
243,389,0,
244,391,0,
246,387,0,
247,387,0,
249,386,0,
252,391,0,
256,389,0,
260,387,0,
263,386,0,
265,387,0,
268,391,0,
274,389,0,
276,387,0,
281,385,0,
283,388,0,
287,390,0,
291,389,0,
295,387,0,
297,386,0,
299,388,0,
302,391,0,
305,388,0,
306,386,0,
308,387,0,
310,387,0,
311,391,0,
313,389,0,
313,386,0,
313,386,0,
312,389,0,
312,391,0,
310,389,0,
309,386,0,
306,387,0,
305,389,0,
304,390,0,
301,388,0,
299,387,0,
297,386,0,
293,391,0,
294,391,0,
291,387,0,
288,387,0,
285,387,0,
283,391,0,
279,391,0,
278,387,0,
277,387,0,
273,387,0,
272,391,0,
270,389,0,
268,388,0,
266,387,0,
265,387,0,
261,391,0,
261,389,0,
257,387,0,
258,387,0,
256,387,0,
253,392,0,
254,389,0,
252,387,0,
250,387,0,
250,388,0,
248,391,0,
249,389,0,
248,386,0,
246,387,0,
245,389,0,
244,391,0,
245,387,0,
244,387,0,
245,386,0,
244,390,0,
246,390,0,
248,388,0,
249,387,0,
254,386,0,
256,390,0,
263,390,0,
269,388,0,
276,387,0,
284,387,0,
293,389,0,
304,391,0,
316,388,0,
328,387,0,
340,386,0,
354,391,0,
371,389,0,
386,387,0,
400,387,0,
416,386,0,
432,391,0,
449,390,0,
463,388,0,
477,387,0,
491,388,0,
504,392,0,
519,389,0,
529,388,0,
539,386,0,
547,389,0,
554,392,0,
561,390,0,
564,388,0,
567,387,0,
569,390,0,
569,393,0,
569,390,0,
566,387,0,
563,388,0,
558,390,0,
552,392,0,
546,390,0,
538,386,0,
529,388,0,
521,392,0,
512,392,0,
500,390,0,
491,388,0,
480,386,0,
467,392,0,
457,392,0,
446,388,0,
433,388,0,
422,388,0,
409,392,0,
397,392,0,
387,389,0,
376,387,0,
363,389,0,
354,392,0,
344,390,0,
333,389,0,
324,387,0,
314,389,0,
305,393,0,
299,390,0,
292,388,0,
285,388,0,
280,389,0,
274,392,0,
270,390,0,
266,387,0,
263,387,0,
261,388,0,
259,392,0,
259,389,0,
259,387,0,
255,387,0,
257,389,0,
257,392,0,
258,389,0,
260,387,0,
262,387,0,
262,390,0,
266,391,0,
267,389,0,
271,387,0,
273,387,0,
275,390,0,
279,391,0,
281,389,0,
285,387,0,
287,387,0,
289,390,0,
291,391,0,
293,387,0,
295,387,0,
298,387,0,
299,391,0,
301,391,0,
301,388,0,
301,387,0,
303,387,0,
303,392,0,
302,391,0,
301,388,0,
300,387,0,
299,387,0,
298,392,0,
297,390,0,
295,388,0,
294,388,0,
293,388,0,
291,392,0,
289,389,0,
288,387,0,
285,386,0,
284,388,0,
282,393,0,
280,389,0,
279,387,0,
276,387,0,
275,389,0,
272,392,0,
271,389,0,
270,387,0,
267,387,0,
265,389,0,
264,392,0,
263,387,0,
261,387,0,
258,387,0,
258,391,0,
255,392,0,
255,388,0,
255,387,0,
254,387,0,
254,391,0,
253,391,0,
253,388,0,
250,387,0,
251,386,0,
251,391,0,
252,390,0,
252,387,0,
251,387,0,
249,388,0,
248,392,0,
251,390,0,
250,387,0,
249,387,0,
249,387,0,
248,392,0,
251,390,0,
251,387,0,
250,387,0,
253,388,0,
256,392,0,
261,390,0,
264,387,0,
270,387,0,
277,389,0,
285,392,0,
295,389,0,
304,387,0,
313,387,0,
327,389,0,
340,392,0,
355,389,0,
371,387,0,
385,387,0,
401,390,0,
419,392,0,
435,388,0,
452,387,0,
467,387,0,
483,391,0,
498,392,0,
513,388,0,
526,388,0,
538,387,0,
549,392,0,
559,392,0,
569,388,0,
576,388,0,
584,388,0,
590,393,0,
594,391,0,
596,389,0,
597,387,0,
597,389,0,
594,393,0,
591,392,0,
585,389,0,
579,387,0,
570,390,0,
561,392,0,
551,392,0,
541,389,0,
529,389,0,
516,391,0,
505,393,0,
492,391,0,
479,389,0,
466,389,0,
451,391,0,
437,394,0,
423,391,0,
408,389,0,
395,389,0,
380,392,0,
366,394,0,
353,389,0,
338,389,0,
328,389,0,
316,391,0,
305,393,0,
295,390,0,
286,388,0,
276,389,0,
270,391,0,
262,392,0,
257,389,0,
251,388,0,
247,388,0,
243,391,0,
241,392,0,
240,388,0,
237,388,0,
237,389,0,
237,391,0,
238,391,0,
240,388,0,
241,387,0,
244,389,0,
246,392,0,
249,391,0,
253,388,0,
256,388,0,
259,389,0,
263,392,0,
266,390,0,
271,387,0,
273,388,0,
277,390,0,
281,392,0,
282,390,0,
287,388,0,
288,388,0,
290,391,0,
293,392,0,
294,390,0,
297,387,0,
298,387,0,
299,391,0,
301,392,0,
301,390,0,
303,387,0,
301,388,0,
301,391,0,
301,392,0,
300,389,0,
299,387,0,
297,387,0,
296,392,0,
295,391,0,
293,389,0,
291,388,0,
288,387,0,
285,393,0,
285,390,0,
282,388,0,
279,388,0,
277,388,0,
274,392,0,
272,391,0,
271,388,0,
269,387,0,
265,389,0,
264,391,0,
263,391,0,
262,388,0,
260,388,0,
257,390,0,
257,392,0,
257,390,0,
256,387,0,
253,388,0,
252,389,0,
252,392,0,
251,389,0,
251,388,0,
248,388,0,
248,390,0,
247,393,0,
248,388,0,
246,388,0,
245,387,0,
245,390,0,
245,392,0,
245,388,0,
246,388,0,
245,387,0,
245,391,0,
244,392,0,
246,388,0,
246,388,0,
245,388,0,
245,392,0,
245,391,0,
247,388,0,
247,388,0,
248,388,0,
249,392,0,
249,392,0,
251,388,0,
253,387,0,
254,389,0,
257,392,0,
260,390,0,
262,389,0,
269,387,0,
275,389,0,
281,393,0,
290,390,0,
299,388,0,
308,388,0,
320,388,0,
333,393,0,
347,390,0,
361,388,0,
374,388,0,
391,390,0,
406,392,0,
422,390,0,
439,388,0,
455,388,0,
471,391,0,
487,392,0,
501,390,0,
517,388,0,
530,387,0,
542,392,0,
555,393,0,
565,389,0,
574,388,0,
580,389,0,
587,392,0,
592,392,0,
594,390,0,
596,389,0,
594,390,0,
593,392,0,
589,393,0,
585,389,0,
578,390,0,
570,390,0,
562,394,0,
551,393,0,
542,390,0,
531,390,0,
520,390,0,
508,395,0,
494,393,0,
482,390,0,
469,389,0,
455,390,0,
441,395,0,
427,393,0,
414,390,0,
400,388,0,
4,393,0,
530,396,0,
535,397,0,
538,395,0,
541,394,0,
542,393,0,
542,396,0,
540,398,0,
538,395,0,
534,393,0,
528,394,0,
523,397,0,
518,397,0,
509,396,0,
502,394,0,
494,393,0,
483,398,0,
475,398,0,
465,395,0,
454,395,0,
443,395,0,
432,397,0,
421,398,0,
409,395,0,
398,394,0,
386,394,0,
375,399,0,
364,396,0,
352,395,0,
343,393,0,
331,395,0,
323,398,0,
314,397,0,
305,393,0,
296,394,0,
288,395,0,
282,397,0,
276,397,0,
269,394,0,
264,393,0,
259,395,0,
256,399,0,
255,395,0,
251,395,0,
249,393,0,
248,396,0,
250,398,0,
249,395,0,
251,394,0,
251,393,0,
253,396,0,
257,397,0,
260,395,0,
261,394,0,
264,393,0,
268,397,0,
270,398,0,
276,393,0,
278,394,0,
281,392,0,
284,397,0,
289,397,0,
291,394,0,
294,393,0,
297,393,0,
299,398,0,
302,397,0,
305,394,0,
306,393,0,
306,394,0,
308,398,0,
309,396,0,
310,394,0,
309,393,0,
311,394,0,
311,397,0,
310,396,0,
310,394,0,
309,392,0,
306,394,0,
306,398,0,
305,395,0,
304,393,0,
301,394,0,
300,395,0,
299,397,0,
297,395,0,
293,394,0,
292,393,0,
290,395,0,
289,397,0,
286,395,0,
285,393,0,
283,392,0,
281,396,0,
280,397,0,
279,395,0,
276,393,0,
274,393,0,
273,397,0,
272,396,0,
270,395,0,
269,393,0,
267,392,0,
265,398,0,
266,397,0,
263,394,0,
263,392,0,
262,394,0,
262,397,0,
261,397,0,
261,392,0,
259,393,0,
261,394,0,
260,397,0,
261,396,0,
260,394,0,
261,393,0,
261,394,0,
261,398,0,
261,395,0,
261,393,0,
261,392,0,
261,395,0,
263,397,0,
262,395,0,
262,393,0,
262,393,0,
262,395,0,
262,398,0,
263,395,0,
262,394,0,
263,392,0,
262,396,0,
265,397,0,
265,395,0,
265,393,0,
267,393,0,
268,396,0,
271,397,0,
273,393,0,
276,394,0,
279,393,0,
284,397,0,
290,397,0,
297,394,0,
305,393,0,
313,393,0,
323,397,0,
336,396,0,
349,394,0,
361,393,0,
376,394,0,
391,397,0,
408,397,0,
425,393,0,
441,394,0,
458,395,0,
474,398,0,
493,396,0,
509,394,0,
525,394,0,
539,395,0,
555,398,0,
569,397,0,
582,393,0,
592,394,0,
602,395,0,
611,399,0,
618,396,0,
622,395,0,
627,394,0,
628,397,0,
630,398,0,
628,397,0,
626,394,0,
622,395,0,
617,397,0,
611,399,0,
605,396,0,
596,395,0,
588,394,0,
578,399,0,
568,398,0,
556,395,0,
544,395,0,
531,395,0,
518,398,0,
503,399,0,
491,395,0,
477,393,0,
462,395,0,
448,399,0,
434,398,0,
419,394,0,
404,395,0,
392,394,0,
378,399,0,
365,397,0,
353,395,0,
342,394,0,
331,396,0,
320,398,0,
309,397,0,
301,393,0,
292,395,0,
284,396,0,
276,399,0,
269,397,0,
263,395,0,
259,393,0,
254,397,0,
251,398,0,
247,396,0,
247,394,0,
244,394,0,
246,395,0,
245,398,0,
248,395,0,
249,394,0,
251,394,0,
254,397,0,
259,398,0,
261,395,0,
265,393,0,
268,394,0,
273,397,0,
277,396,0,
280,395,0,
285,394,0,
289,393,0,
293,398,0,
298,397,0,
301,395,0,
304,394,0,
307,394,0,
309,397,0,
311,397,0,
313,394,0,
313,392,0,
314,395,0,
315,397,0,
316,398,0,
316,395,0,
315,394,0,
314,395,0,
313,399,0,
313,396,0,
311,394,0,
308,394,0,
307,396,0,
304,399,0,
302,396,0,
301,393,0,
297,393,0,
295,396,0,
292,398,0,
289,394,0,
285,394,0,
283,393,0,
279,395,0,
275,398,0,
272,395,0,
270,393,0,
265,394,0,
262,397,0,
260,397,0,
257,394,0,
253,394,0,
253,393,0,
251,396,0,
248,397,0,
247,395,0,
247,393,0,
245,394,0,
244,397,0,
243,397,0,
244,394,0,
244,393,0,
242,394,0,
243,398,0,
245,396,0,
243,394,0,
242,393,0,
243,395,0,
243,397,0,
242,396,0,
244,394,0,
244,393,0,
243,394,0,
241,398,0,
243,396,0,
243,393,0,
244,392,0,
242,396,0,
245,399,0,
246,396,0,
246,393,0,
245,394,0,
247,396,0,
247,398,0,
247,395,0,
248,393,0,
248,393,0,
249,397,0,
248,398,0,
249,394,0,
249,393,0,
250,393,0,
248,397,0,
251,396,0,
251,395,0,
252,393,0,
253,393,0,
256,397,0,
259,397,0,
263,395,0,
268,392,0,
273,394,0,
283,398,0,
290,397,0,
301,393,0,
312,393,0,
326,394,0,
340,398,0,
356,397,0,
372,394,0,
390,393,0,
409,394,0,
427,398,0,
448,396,0,
466,394,0,
487,394,0,
507,396,0,
527,399,0,
547,396,0,
566,394,0,
582,394,0,
598,396,0,
615,398,0,
628,396,0,
638,395,0,
641,394,0,
641,397,0,
641,399,0,
640,397,0,
641,394,0,
640,394,0,
640,398,0,
640,398,0,
640,396,0,
640,395,0,
641,394,0,
640,399,0,
630,399,0,
621,395,0,
608,395,0,
595,395,0,
583,398,0,
569,399,0,
555,397,0,
542,394,0,
527,395,0,
513,398,0,
498,399,0,
482,396,0,
467,394,0,
449,396,0,
434,399,0,
418,398,0,
402,396,0,
387,395,0,
371,397,0,
357,400,0,
343,398,0,
329,395,0,
317,395,0,
306,396,0,
293,400,0,
285,396,0,
274,395,0,
267,394,0,
260,398,0,
253,399,0,
246,397,0,
243,393,0,
240,394,0,
238,397,0,
236,398,0,
236,396,0,
235,394,0,
236,394,0,
237,398,0,
238,399,0,
241,395,0,
243,395,0,
247,393,0,
250,398,0,
255,398,0,
258,395,0,
263,394,0,
266,394,0,
270,398,0,
275,397,0,
278,395,0,
281,394,0,
285,395,0,
289,398,0,
292,397,0,
295,395,0,
297,394,0,
299,394,0,
301,399,0,
303,397,0,
303,395,0,
304,393,0,
304,395,0,
305,398,0,
304,398,0,
304,394,0,
302,395,0,
302,396,0,
301,399,0,
301,396,0,
299,395,0,
298,393,0,
296,397,0,
296,398,0,
293,396,0,
292,395,0,
289,394,0,
285,397,0,
283,399,0,
281,396,0,
277,394,0,
272,394,0,
270,397,0,
267,398,0,
266,395,0,
260,395,0,
257,394,0,
254,398,0,
253,396,0,
251,395,0,
247,395,0,
245,394,0,
241,398,0,
241,398,0,
241,394,0,
240,394,0,
237,395,0,
236,398,0,
235,397,0,
235,395,0,
234,392,0,
231,395,0,
231,398,0,
230,397,0,
231,394,0,
229,394,0,
228,394,0,
227,399,0,
227,396,0,
228,395,0,
229,394,0,
226,397,0,
227,399,0,
227,396,0,
228,394,0,
228,395,0,
227,396,0,
227,399,0,
228,396,0,
228,395,0,
229,393,0,
228,397,0,
229,397,0,
229,396,0,
230,394,0,
230,394,0,
231,397,0,
229,398,0,
233,395,0,
233,394,0,
233,394,0,
233,397,0,
234,398,0,
234,395,0,
234,394,0,
236,393,0,
236,398,0,
237,397,0,
237,395,0,
238,394,0,
238,393,0,
239,398,0,
240,397,0,
241,394,0,
241,394,0,
240,395,0,
242,399,0,
241,396,0,
241,395,0,
243,394,0,
241,396,0,
241,399,0,
243,397,0,
243,393,0,
241,395,0,
242,396,0,
243,398,0,
244,396,0,
244,395,0,
246,394,0,
247,395,0,
248,399,0,
251,396,0,
255,394,0,
259,394,0,
264,398,0,
272,398,0,
281,396,0,
290,395,0,
303,394,0,
315,398,0,
328,399,0,
345,395,0,
362,393,0,
379,395,0,
398,398,0,
419,398,0,
438,395,0,
459,395,0,
479,395,0,
500,399,0,
521,397,0,
540,396,0,
561,394,0,
579,395,0,
595,399,0,
612,398,0,
626,396,0,
638,395,0,
640,396,0,
639,400,0,
640,399,0,
641,395,0,
640,396,0,
641,398,0,
640,399,0,
639,399,0,
640,397,0,
640,395,0,
639,399,0,
640,401,0,
640,397,0,
639,397,0,
625,396,0,
613,399,0,
600,401,0,
588,398,0,
574,396,0,
557,396,0,
543,400,0,
529,400,0,
513,397,0,
496,397,0,
481,396,0,
464,400,0,
447,400,0,
432,397,0,
415,396,0,
399,397,0,
383,400,0,
369,399,0,
353,397,0,
340,396,0,
326,397,0,
313,400,0,
301,399,0,
291,396,0,
280,396,0,
269,396,0,
262,399,0,
254,398,0,
249,395,0,
243,396,0,
237,397,0,
234,400,0,
234,396,0,
231,396,0,
230,394,0,
229,397,0,
228,400,0,
231,396,0,
232,396,0,
235,394,0,
236,398,0,
240,399,0,
244,396,0,
249,395,0,
254,395,0,
256,399,0,
262,399,0,
266,397,0,
271,394,0,
276,395,0,
278,399,0,
285,398,0,
288,396,0,
293,394,0,
295,395,0,
299,398,0,
302,398,0,
304,396,0,
307,394,0,
308,395,0,
308,399,0,
310,398,0,
310,396,0,
309,395,0,
309,395,0,
307,398,0,
306,398,0,
306,395,0,
303,394,0,
300,397,0,
298,399,0,
295,397,0,
293,396,0,
290,395,0,
285,396,0,
281,400,0,
280,397,0,
277,394,0,
272,395,0,
270,397,0,
267,398,0,
263,397,0,
262,395,0,
258,394,0,
254,398,0,
251,400,0,
250,396,0,
247,394,0,
244,395,0,
242,398,0,
240,399,0,
239,396,0,
238,394,0,
236,394,0,
235,398,0,
234,398,0,
234,395,0,
233,393,0,
231,395,0,
230,398,0,
230,399,0,
229,395,0,
228,394,0,
227,395,0,
226,399,0,
225,398,0,
226,394,0,
226,395,0,
225,396,0,
225,398,0,
226,398,0,
225,395,0,
227,395,0,
227,396,0,
228,398,0,
228,397,0,
228,395,0,
230,395,0,
230,396,0,
232,399,0,
232,397,0,
233,395,0,
234,395,0,
235,397,0,
236,399,0,
237,397,0,
238,395,0,
237,395,0,
240,397,0,
241,400,0,
240,396,0,
242,395,0,
241,394,0,
243,398,0,
244,399,0,
244,395,0,
244,395,0,
245,394,0,
244,399,0,
247,398,0,
247,396,0,
246,395,0,
247,394,0,
247,399,0,
248,398,0,
247,396,0,
248,394,0,
247,395,0,
248,398,0,
247,398,0,
249,396,0,
248,395,0,
246,396,0,
248,399,0,
249,397,0,
249,396,0,
249,395,0,
249,396,0,
249,399,0,
250,398,0,
249,396,0,
249,395,0,
248,397,0,
249,400,0,
250,398,0,
251,395,0,
248,395,0,
249,397,0,
250,400,0,
252,397,0,
251,396,0,
253,394,0,
253,398,0,
257,399,0,
260,397,0,
265,394,0,
268,395,0,
273,398,0,
283,399,0,
290,397,0,
301,395,0,
311,395,0,
323,398,0,
337,399,0,
351,396,0,
367,394,0,
382,396,0,
399,399,0,
416,399,0,
435,396,0,
452,396,0,
470,396,0,
487,400,0,
503,398,0,
520,397,0,
537,395,0,
551,396,0,
564,400,0,
577,398,0,
588,397,0,
599,396,0,
605,398,0,
612,400,0,
617,399,0,
620,396,0,
620,397,0,
619,399,0,
617,400,0,
613,399,0,
608,397,0,
600,397,0,
592,398,0,
583,401,0,
574,398,0,
562,397,0,
551,396,0,
538,400,0,
525,401,0,
512,398,0,
497,396,0,
484,397,0,
470,400,0,
455,401,0,
442,396,0,
426,396,0,
412,397,0,
398,400,0,
384,399,0,
370,398,0,
356,397,0,
341,396,0,
328,400,0,
316,400,0,
304,397,0,
292,396,0,
280,397,0,
271,401,0,
263,399,0,
254,397,0,
247,397,0,
240,396,0,
236,400,0,
231,399,0,
228,397,0,
225,396,0,
222,398,0,
221,401,0,
223,397,0,
222,396,0,
224,396,0,
226,397,0,
229,400,0,
232,398,0,
238,396,0,
242,395,0,
244,399,0,
252,401,0,
256,396,0,
260,395,0,
266,396,0,
270,399,0,
274,399,0,
277,397,0,
282,396,0,
285,394,0,
287,399,0,
291,400,0,
295,397,0,
297,396,0,
297,396,0,
301,400,0,
304,399,0,
305,396,0,
305,396,0,
307,396,0,
307,399,0,
308,399,0,
307,397,0,
307,394,0,
305,397,0,
305,400,0,
305,399,0,
301,396,0,
301,396,0,
299,397,0,
296,400,0,
294,399,0,
292,396,0,
289,394,0,
285,398,0,
283,401,0,
281,398,0,
278,395,0,
274,396,0,
272,398,0,
270,400,0,
266,398,0,
264,396,0,
261,395,0,
257,399,0,
255,401,0,
253,397,0,
250,396,0,
248,396,0,
247,399,0,
245,400,0,
244,398,0,
242,396,0,
241,396,0,
240,400,0,
240,400,0,
240,396,0,
239,395,0,
239,396,0,
239,399,0,
239,399,0,
239,397,0,
240,395,0,
239,397,0,
239,400,0,
239,399,0,
240,396,0,
240,396,0,
241,397,0,
241,401,0,
241,398,0,
241,396,0,
242,394,0,
241,398,0,
241,401,0,
243,398,0,
244,396,0,
244,396,0,
245,398,0,
247,399,0,
247,399,0,
247,395,0,
247,396,0,
249,398,0,
248,401,0,
249,398,0,
249,396,0,
249,395,0,
248,399,0,
251,400,0,
250,398,0,
249,395,0,
250,396,0,
251,399,0,
252,400,0,
251,397,0,
251,396,0,
251,396,0,
252,400,0,
253,399,0,
252,397,0,
252,396,0,
252,396,0,
251,399,0,
252,400,0,
252,397,0,
251,395,0,
250,397,0,
250,399,0,
250,399,0,
251,397,0,
251,395,0,
250,398,0,
251,401,0,
253,398,0,
254,396,0,
255,396,0,
256,396,0,
257,401,0,
263,397,0,
265,396,0,
270,396,0,
275,398,0,
283,400,0,
289,398,0,
299,396,0,
309,396,0,
319,398,0,
332,401,0,
345,398,0,
360,397,0,
376,396,0,
393,400,0,
412,400,0,
430,398,0,
449,395,0,
467,397,0,
486,399,0,
504,401,0,
523,397,0,
541,397,0,
558,397,0,
574,401,0,
591,401,0,
604,398,0,
616,396,0,
626,397,0,
635,402,0,
639,401,0,
641,398,0,
640,397,0,
640,398,0,
640,401,0,
641,401,0,
640,399,0,
640,397,0,
636,399,0,
628,402,0,
621,401,0,
611,397,0,
600,398,0,
588,399,0,
575,403,0,
564,400,0,
548,399,0,
535,397,0,
519,401,0,
506,403,0,
491,400,0,
477,398,0,
460,398,0,
445,401,0,
429,403,0,
415,400,0,
400,398,0,
385,398,0,
368,401,0,
356,402,0,
342,399,0,
330,398,0,
316,398,0,
305,401,0,
293,402,0,
284,399,0,
275,397,0,
267,398,0,
257,402,0,
254,400,0,
248,398,0,
245,397,0,
239,398,0,
240,401,0,
239,401,0,
240,398,0,
239,398,0,
242,398,0,
244,402,0,
249,399,0,
252,398,0,
259,396,0,
262,399,0,
269,402,0,
276,400,0,
283,397,0,
290,397,0,
297,399,0,
303,402,0,
311,398,0,
317,397,0,
324,396,0,
329,399,0,
335,402,0,
340,399,0,
344,396,0,
348,397,0,
352,399,0,
355,402,0,
357,399,0,
358,397,0,
361,396,0,
359,401,0,
359,401,0,
358,398,0,
355,396,0,
353,397,0,
351,399,0,
346,401,0,
343,397,0,
338,397,0,
335,396,0,
329,402,0,
325,400,0,
319,398,0,
312,396,0,
306,397,0,
301,401,0,
295,400,0,
289,397,0,
283,396,0,
277,398,0,
271,401,0,
267,399,0,
262,397,0,
256,397,0,
251,398,0,
246,400,0,
242,399,0,
237,397,0,
233,396,0,
228,398,0,
224,402,0,
223,398,0,
220,396,0,
216,397,0,
213,399,0,
212,400,0,
209,398,0,
208,397,0,
208,395,0,
205,398,0,
205,401,0,
205,398,0,
205,396,0,
204,396,0,
205,400,0,
207,400,0,
208,398,0,
208,396,0,
210,395,0,
211,399,0,
212,400,0,
215,397,0,
217,396,0,
217,396,0,
219,400,0,
220,399,0,
222,397,0,
224,395,0,
225,396,0,
225,400,0,
228,399,0,
231,395,0,
232,396,0,
233,397,0,
235,400,0,
237,398,0,
237,397,0,
239,396,0,
240,396,0,
241,400,0,
242,399,0,
245,395,0,
245,395,0,
246,398,0,
248,400,0,
249,397,0,
251,396,0,
252,395,0,
253,398,0,
254,400,0,
255,398,0,
257,396,0,
257,394,0,
257,399,0,
259,400,0,
262,396,0,
263,395,0,
261,396,0,
263,399,0,
265,399,0,
264,397,0,
266,396,0,
267,395,0,
267,399,0,
269,399,0,
268,397,0,
270,394,0,
269,396,0,
271,399,0,
272,399,0,
273,396,0,
275,395,0,
275,396,0,
278,400,0,
280,399,0,
284,395,0,
287,395,0,
294,396,0,
300,400,0,
309,397,0,
317,396,0,
328,394,0,
338,397,0,
353,399,0,
367,398,0,
382,395,0,
398,395,0,
415,397,0,
434,400,0,
453,397,0,
472,395,0,
490,395,0,
510,398,0,
529,400,0,
550,397,0,
566,396,0,
585,395,0,
600,398,0,
617,399,0,
631,396,0,
639,396,0,
641,395,0,
640,399,0,
641,399,0,
641,397,0,
641,395,0,
640,396,0,
640,400,0,
640,399,0,
641,396,0,
640,395,0,
640,396,0,
641,400,0,
641,398,0,
630,397,0,
619,396,0,
606,396,0,
593,400,0,
581,399,0,
566,396,0,
552,396,0,
535,397,0,
522,400,0,
507,398,0,
491,396,0,
476,395,0,
460,397,0,
445,399,0,
429,398,0,
413,396,0,
397,395,0,
382,396,0,
368,399,0,
355,396,0,
341,395,0,
329,395,0,
313,398,0,
305,399,0,
295,395,0,
286,395,0,
276,394,0,
268,398,0,
261,398,0,
255,396,0,
251,394,0,
245,394,0,
243,397,0,
240,396,0,
240,395,0,
239,394,0,
239,394,0,
239,398,0,
241,397,0,
244,393,0,
247,393,0,
249,394,0,
254,397,0,
257,397,0,
262,394,0,
268,393,0,
271,395,0,
276,398,0,
282,396,0,
287,392,0,
292,393,0,
295,394,0,
298,398,0,
304,395,0,
306,393,0,
309,393,0,
312,395,0,
313,398,0,
316,395,0,
316,393,0,
318,392,0,
318,394,0,
318,397,0,
317,394,0,
317,393,0,
317,392,0,
313,396,0,
313,396,0,
311,394,0,
309,392,0,
306,393,0,
304,396,0,
300,397,0,
297,392,0,
293,392,0,
291,392,0,
286,396,0,
284,396,0,
279,393,0,
276,391,0,
271,392,0,
270,396,0,
265,395,0,
263,392,0,
259,392,0,
256,391,0,
253,396,0,
251,394,0,
248,392,0,
245,391,0,
243,392,0,
241,396,0,
238,394,0,
237,391,0,
236,391,0,
235,392,0,
233,396,0,
233,392,0,
230,392,0,
232,390,0,
229,393,0,
231,395,0,
230,393,0,
229,390,0,
228,391,0,
227,392,0,
228,395,0,
229,392,0,
227,391,0,
228,390,0,
227,393,0,
229,395,0,
230,392,0,
229,389,0,
229,391,0,
228,393,0,
230,394,0,
231,390,0,
230,390,0,
230,389,0,
229,394,0,
231,394,0,
232,391,0,
233,390,0,
232,391,0,
233,393,0,
235,393,0,
234,391,0,
235,390,0,
234,391,0,
235,394,0,
236,393,0,
237,390,0,
236,390,0,
235,390,0,
235,394,0,
237,392,0,
237,390,0,
237,390,0,
236,391,0,
237,393,0,
237,392,0,
236,390,0,
237,389,0,
236,391,0,
236,394,0,
238,392,0,
237,389,0,
237,388,0,
236,392,0,
238,394,0,
238,390,0,
237,389,0,
238,390,0,
239,392,0,
240,393,0,
239,391,0,
240,389,0,
241,389,0,
240,392,0,
239,393,0,
242,390,0,
241,388,0,
240,390,0,
240,394,0,
241,393,0,
241,389,0,
241,388,0,
240,390,0,
240,394,0,
242,392,0,
241,390,0,
243,389,0,
244,390,0,
247,392,0,
248,392,0,
252,389,0,
258,389,0,
262,390,0,
269,393,0,
277,392,0,
287,390,0,
296,389,0,
308,391,0,
320,394,0,
335,390,0,
350,389,0,
366,389,0,
382,391,0,
400,393,0,
418,390,0,
435,390,0,
453,389,0,
471,392,0,
489,392,0,
505,391,0,
521,390,0,
536,389,0,
549,392,0,
561,394,0,
574,391,0,
583,389,0,
591,388,0,
596,394,0,
602,393,0,
605,390,0,
606,390,0,
605,390,0,
602,394,0,
598,393,0,
593,390,0,
586,390,0,
578,390,0,
569,394,0,
560,392,0,
549,391,0,
538,389,0,
525,391,0,
512,394,0,
499,393,0,
486,390,0,
471,390,0,
457,391,0,
443,395,0,
429,392,0,
413,390,0,
400,389,0,
384,392,0,
371,394,0,
358,392,0,
344,390,0,
332,389,0,
320,392,0,
308,393,0,
297,391,0,
287,389,0,
276,389,0,
269,392,0,
260,394,0,
253,390,0,
245,389,0,
241,388,0,
235,392,0,
232,393,0,
229,388,0,
226,389,0,
224,389,0,
223,391,0,
223,392,0,
223,390,0,
224,388,0,
225,387,0,
226,392,0,
231,392,0,
235,389,0,
237,388,0,
240,389,0,
245,392,0,
250,390,0,
254,389,0,
258,388,0,
263,389,0,
266,393,0,
271,391,0,
277,388,0,
281,387,0,
284,390,0,
289,392,0,
293,390,0,
296,388,0,
298,388,0,
302,389,0,
303,392,0,
305,390,0,
307,388,0,
307,387,0,
306,391,0,
308,393,0,
307,389,0,
306,388,0,
306,386,0,
303,390,0,
302,392,0,
303,389,0,
299,387,0,
297,388,0,
294,392,0,
292,391,0,
289,389,0,
287,387,0,
284,388,0,
280,391,0,
277,391,0,
275,388,0,
272,388,0,
269,387,0,
266,392,0,
265,390,0,
262,388,0,
262,387,0,
257,389,0,
256,391,0,
255,390,0,
254,388,0,
250,387,0,
249,388,0,
246,392,0,
245,389,0,
243,388,0,
243,387,0,
240,390,0,
240,391,0,
239,390,0,
240,387,0,
239,387,0,
239,388,0,
238,392,0,
239,389,0,
239,387,0,
240,387,0,
240,390,0,
241,391,0,
241,389,0,
241,386,0,
243,387,0,
243,390,0,
244,392,0,
244,388,0,
246,385,0,
246,387,0,
247,389,0,
248,391,0,
249,387,0,
250,387,0,
251,387,0,
251,391,0,
251,391,0,
252,388,0,
252,387,0,
252,386,0,
253,391,0,
253,390,0,
253,387,0,
254,387,0,
254,387,0,
253,391,0,
253,390,0,
254,387,0,
253,387,0,
254,388,0,
254,392,0,
255,389,0,
254,387,0,
255,386,0,
254,389,0,
256,391,0,
257,389,0,
256,387,0,
256,385,0,
256,389,0,
257,391,0,
256,389,0,
257,386,0,
256,387,0,
257,388,0,
257,391,0,
258,388,0,
257,387,0,
256,387,0,
256,390,0,
256,391,0,
258,388,0,
256,387,0,
257,385,0,
257,390,0,
259,390,0,
258,388,0,
259,386,0,
261,387,0,
261,391,0,
265,390,0,
268,388,0,
272,386,0,
274,387,0,
281,390,0,
287,390,0,
296,387,0,
304,387,0,
311,388,0,
323,391,0,
334,390,0,
347,387,0,
359,387,0,
372,387,0,
385,392,0,
401,389,0,
415,387,0,
429,387,0,
443,389,0,
455,392,0,
470,390,0,
483,387,0,
496,387,0,
505,390,0,
518,392,0,
527,388,0,
536,388,0,
543,387,0,
549,390,0,
553,392,0,
558,389,0,
559,387,0,
559,388,0,
559,391,0,
557,391,0,
554,389,0,
549,388,0,
544,386,0,
537,391,0,
530,392,0,
523,236,372,
236,370,0,
238,367,0,
238,368,0,
237,368,0,
236,368,0,
236,373,0,
236,369,0,
236,369,0,
237,366,0,
235,369,0,
236,372,0,
236,370,0,
238,367,0,
328,383,0,
327,386,0,
326,388,0,
325,385,0,
323,383,0,
321,383,0,
316,387,0,
313,387,0,
311,384,0,
308,383,0,
303,383,0,
301,387,0,
299,387,0,
294,384,0,
291,383,0,
287,383,0,
284,388,0,
281,387,0,
278,383,0,
273,383,0,
270,384,0,
268,387,0,
265,386,0,
262,384,0,
260,383,0,
257,384,0,
256,388,0,
253,386,0,
252,384,0,
250,382,0,
248,385,0,
248,388,0,
246,385,0,
245,382,0,
244,383,0,
245,384,0,
245,388,0,
245,385,0,
243,383,0,
243,382,0,
242,385,0,
243,387,0,
242,384,0,
241,383,0,
241,383,0,
240,387,0,
242,386,0,
240,385,0,
241,383,0,
241,383,0,
243,387,0,
245,387,0,
247,384,0,
248,383,0,
248,383,0,
250,387,0,
251,387,0,
253,383,0,
252,383,0,
253,382,0,
254,387,0,
257,386,0,
257,382,0,
257,383,0,
256,384,0,
257,387,0,
258,386,0,
257,383,0,
258,383,0,
258,385,0,
257,387,0,
258,386,0,
256,384,0,
258,383,0,
258,385,0,
258,388,0,
262,385,0,
264,382,0,
266,383,0,
270,386,0,
276,388,0,
282,386,0,
290,383,0,
298,383,0,
308,386,0,
321,387,0,
332,385,0,
347,383,0,
362,382,0,
376,387,0,
392,387,0,
410,384,0,
427,383,0,
442,384,0,
459,387,0,
476,386,0,
491,384,0,
508,384,0,
522,384,0,
535,388,0,
547,387,0,
559,384,0,
569,384,0,
577,384,0,
583,389,0,
589,387,0,
591,385,0,
593,383,0,
593,386,0,
591,388,0,
588,387,0,
584,384,0,
579,384,0,
572,385,0,
564,390,0,
557,386,0,
547,385,0,
538,384,0,
525,387,0,
516,389,0,
503,387,0,
492,385,0,
478,385,0,
466,386,0,
453,390,0,
439,387,0,
425,385,0,
410,384,0,
395,388,0,
382,388,0,
369,386,0,
353,385,0,
341,384,0,
327,388,0,
317,389,0,
304,386,0,
294,384,0,
282,384,0,
274,388,0,
266,389,0,
258,385,0,
249,385,0,
244,384,0,
238,388,0,
236,387,0,
231,385,0,
229,384,0,
227,385,0,
228,387,0,
230,387,0,
230,385,0,
233,384,0,
233,385,0,
239,389,0,
244,387,0,
247,383,0,
251,384,0,
255,385,0,
260,389,0,
267,385,0,
271,385,0,
274,383,0,
279,386,0,
284,388,0,
289,386,0,
292,384,0,
295,383,0,
298,387,0,
301,388,0,
304,386,0,
307,383,0,
309,384,0,
309,387,0,
314,388,0,
315,385,0,
315,384,0,
316,383,0,
316,387,0,
316,388,0,
317,385,0,
316,384,0,
315,384,0,
312,389,0,
313,388,0,
310,384,0,
308,384,0,
304,385,0,
303,388,0,
298,388,0,
297,384,0,
294,384,0,
291,384,0,
286,389,0,
284,386,0,
280,385,0,
277,384,0,
272,386,0,
269,389,0,
267,387,0,
264,383,0,
262,384,0,
256,386,0,
254,389,0,
251,386,0,
249,384,0,
246,384,0,
243,386,0,
239,389,0,
240,386,0,
239,384,0,
238,383,0,
236,387,0,
236,388,0,
234,386,0,
235,385,0,
236,384,0,
235,387,0,
236,388,0,
239,385,0,
239,383,0,
239,384,0,
240,388,0,
241,387,0,
241,386,0,
243,384,0,
243,384,0,
241,389,0,
244,388,0,
244,384,0,
244,384,0,
244,385,0,
245,388,0,
246,386,0,
245,386,0,
246,385,0,
247,384,0,
248,388,0,
248,387,0,
249,385,0,
249,383,0,
250,386,0,
251,390,0,
253,387,0,
255,384,0,
256,385,0,
261,386,0,
265,389,0,
269,388,0,
276,385,0,
282,383,0,
290,387,0,
300,390,0,
313,386,0,
325,384,0,
338,385,0,
354,388,0,
371,389,0,
388,386,0,
406,385,0,
425,385,0,
444,387,0,
464,388,0,
484,387,0,
504,385,0,
524,385,0,
543,388,0,
561,390,0,
579,387,0,
596,385,0,
610,386,0,
622,390,0,
633,389,0,
640,386,0,
640,386,0,
640,387,0,
640,391,0,
641,388,0,
639,387,0,
640,386,0,
640,387,0,
636,391,0,
627,390,0,
617,387,0,
606,386,0,
594,388,0,
582,391,0,
568,389,0,
554,387,0,
540,385,0,
523,389,0,
510,392,0,
495,389,0,
478,387,0,
463,387,0,
447,389,0,
430,391,0,
414,389,0,
399,386,0,
384,386,0,
368,391,0,
354,391,0,
340,388,0,
326,386,0,
314,387,0,
302,389,0,
291,391,0,
281,387,0,
272,386,0,
263,386,0,
255,391,0,
250,390,0,
245,387,0,
239,386,0,
236,387,0,
235,390,0,
234,390,0,
234,387,0,
235,385,0,
235,386,0,
237,391,0,
242,389,0,
245,386,0,
248,386,0,
254,388,0,
259,390,0,
264,388,0,
270,387,0,
276,385,0,
281,387,0,
286,391,0,
293,388,0,
297,386,0,
303,385,0,
305,389,0,
311,390,0,
315,388,0,
318,385,0,
320,386,0,
322,389,0,
325,391,0,
327,388,0,
327,386,0,
327,386,0,
325,389,0,
325,391,0,
325,387,0,
322,386,0,
321,385,0,
317,391,0,
315,390,0,
312,387,0,
310,385,0,
306,387,0,
301,391,0,
300,389,0,
297,386,0,
293,386,0,
288,387,0,
285,390,0,
282,389,0,
279,386,0,
276,386,0,
272,387,0,
265,391,0,
264,388,0,
260,385,0,
258,385,0,
254,388,0,
252,391,0,
249,389,0,
247,384,0,
244,386,0,
240,388,0,
239,390,0,
236,388,0,
235,386,0,
234,384,0,
231,388,0,
231,390,0,
230,387,0,
228,386,0,
226,385,0,
227,388,0,
226,389,0,
226,387,0,
226,385,0,
225,385,0,
224,389,0,
226,389,0,
225,386,0,
225,385,0,
227,384,0,
227,388,0,
228,389,0,
231,386,0,
230,384,0,
231,386,0,
230,389,0,
233,388,0,
234,386,0,
235,384,0,
235,386,0,
236,390,0,
238,388,0,
238,385,0,
240,385,0,
239,387,0,
241,389,0,
244,388,0,
245,385,0,
246,385,0,
247,386,0,
249,390,0,
249,386,0,
254,386,0,
256,385,0,
259,386,0,
263,390,0,
269,386,0,
276,386,0,
285,385,0,
292,388,0,
302,390,0,
315,386,0,
328,385,0,
343,385,0,
357,389,0,
375,388,0,
393,387,0,
412,384,0,
432,385,0,
450,389,0,
472,388,0,
492,387,0,
512,385,0,
531,385,0,
551,390,0,
569,389,0,
587,386,0,
603,385,0,
617,385,0,
629,390,0,
637,390,0,
640,386,0,
639,386,0,
641,386,0,
640,391,0,
640,388,0,
640,387,0,
639,386,0,
640,388,0,
631,391,0,
621,390,0,
609,387,0,
598,386,0,
585,389,0,
571,392,0,
555,390,0,
541,387,0,
524,387,0,
508,389,0,
492,393,0,
476,389,0,
457,387,0,
441,386,0,
422,390,0,
407,392,0,
389,389,0,
372,386,0,
355,387,0,
339,389,0,
324,392,0,
310,388,0,
295,387,0,
282,386,0,
270,391,0,
261,391,0,
251,387,0,
240,387,0,
232,385,0,
224,391,0,
218,389,0,
212,387,0,
207,386,0,
201,387,0,
199,390,0,
198,390,0,
198,385,0,
196,386,0,
197,387,0,
199,391,0,
203,389,0,
206,387,0,
210,384,0,
213,387,0,
219,390,0,
224,388,0,
231,386,0,
236,386,0,
243,388,0,
248,391,0,
256,388,0,
262,386,0,
268,385,0,
272,389,0,
279,389,0,
284,388,0,
290,385,0,
292,385,0,
296,389,0,
299,390,0,
303,386,0,
306,386,0,
307,385,0,
308,389,0,
309,389,0,
309,386,0,
309,386,0,
309,385,0,
308,389,0,
305,390,0,
306,387,0,
303,384,0,
301,386,0,
297,390,0,
296,389,0,
293,386,0,
289,386,0,
287,386,0,
284,390,0,
281,389,0,
277,387,0,
275,385,0,
271,386,0,
268,390,0,
265,389,0,
262,386,0,
258,385,0,
255,387,0,
253,390,0,
250,388,0,
245,386,0,
244,384,0,
239,387,0,
238,391,0,
237,387,0,
234,385,0,
232,385,0,
230,388,0,
229,390,0,
226,387,0,
227,385,0,
227,384,0,
224,388,0,
224,390,0,
224,385,0,
223,385,0,
221,386,0,
221,389,0,
221,389,0,
220,387,0,
222,385,0,
221,385,0,
221,389,0,
221,390,0,
224,386,0,
225,384,0,
224,386,0,
225,390,0,
227,388,0,
228,386,0,
227,385,0,
229,385,0,
229,389,0,
230,389,0,
232,386,0,
233,385,0,
231,387,0,
233,390,0,
235,388,0,
235,386,0,
235,385,0,
235,387,0,
236,390,0,
235,388,0,
237,385,0,
238,385,0,
239,387,0,
239,391,0,
241,386,0,
241,385,0,
244,383,0,
244,389,0,
249,390,0,
252,387,0,
256,385,0,
261,385,0,
269,388,0,
277,390,0,
285,385,0,
295,385,0,
309,384,0,
321,389,0,
337,389,0,
351,387,0,
368,385,0,
383,386,0,
403,390,0,
420,390,0,
440,385,0,
459,385,0,
478,386,0,
495,391,0,
514,388,0,
530,387,0,
547,385,0,
560,386,0,
575,390,0,
588,388,0,
597,386,0,
605,386,0,
613,388,0,
618,391,0,
622,389,0,
624,386,0,
623,387,0,
621,389,0,
618,391,0,
614,388,0,
607,387,0,
599,386,0,
590,388,0,
579,392,0,
568,389,0,
556,386,0,
542,387,0,
529,390,0,
516,392,0,
501,388,0,
485,387,0,
471,385,0,
455,390,0,
440,392,0,
424,389,0,
409,387,0,
393,386,0,
378,391,0,
364,391,0,
351,387,0,
336,387,0,
322,387,0,
308,391,0,
297,389,0,
285,388,0,
276,386,0,
264,387,0,
257,391,0,
247,391,0,
242,387,0,
236,386,0,
229,387,0,
224,391,0,
224,389,0,
222,386,0,
221,386,0,
221,386,0,
221,391,0,
223,388,0,
225,386,0,
229,385,0,
232,388,0,
237,391,0,
242,388,0,
248,385,0,
254,386,0,
259,387,0,
264,391,0,
272,388,0,
278,386,0,
284,386,0,
289,389,0,
295,390,0,
299,388,0,
304,385,0,
308,386,0,
312,389,0,
316,391,0,
319,386,0,
322,386,0,
325,385,0,
325,390,0,
329,390,0,
330,387,0,
330,384,0,
330,386,0,
331,389,0,
329,390,0,
328,385,0,
326,385,0,
324,386,0,
321,391,0,
319,389,0,
316,387,0,
313,385,0,
308,387,0,
305,391,0,
302,389,0,
297,386,0,
295,386,0,
291,386,0,
288,391,0,
284,389,0,
281,386,0,
275,386,0,
273,388,0,
270,391,0,
267,388,0,
262,387,0,
260,385,0,
255,388,0,
254,390,0,
249,389,0,
249,386,0,
245,386,0,
243,389,0,
242,391,0,
240,388,0,
237,387,0,
235,385,0,
232,389,0,
231,390,0,
230,387,0,
224,386,0,
224,385,0,
221,390,0,
221,390,0,
218,387,0,
216,386,0,
212,386,0,
211,390,0,
212,390,0,
211,385,0,
209,386,0,
208,386,0,
206,390,0,
209,389,0,
208,387,0,
209,385,0,
207,387,0,
209,389,0,
210,388,0,
212,386,0,
212,386,0,
213,386,0,
213,391,0,
218,388,0,
219,386,0,
221,385,0,
220,388,0,
223,389,0,
225,388,0,
229,386,0,
230,386,0,
231,387,0,
233,391,0,
237,387,0,
237,386,0,
239,385,0,
239,389,0,
242,390,0,
244,387,0,
245,385,0,
246,386,0,
249,389,0,
255,390,0,
258,387,0,
263,386,0,
271,385,0,
278,389,0,
287,390,0,
299,387,0,
309,385,0,
321,386,0,
336,390,0,
353,390,0,
370,386,0,
387,386,0,
406,387,0,
426,390,0,
446,390,0,
468,386,0,
489,385,0,
508,387,0,
529,391,0,
549,389,0,
566,387,0,
585,387,0,
600,388,0,
614,391,0,
627,390,0,
637,387,0,
640,386,0,
640,390,0,
640,393,0,
641,389,0,
641,387,0,
640,387,0,
641,390,0,
640,393,0,
640,389,0,
639,388,0,
629,387,0,
617,392,0,
606,392,0,
595,389,0,
581,388,0,
567,387,0,
551,392,0,
537,391,0,
521,389,0,
505,387,0,
489,388,0,
472,392,0,
455,392,0,
440,388,0,
422,388,0,
407,388,0,
390,393,0,
376,391,0,
359,389,0,
343,387,0,
328,389,0,
314,392,0,
302,391,0,
288,389,0,
277,387,0,
265,389,0,
256,392,0,
245,391,0,
238,386,0,
229,387,0,
224,388,0,
220,393,0,
216,390,0,
213,387,0,
210,387,0,
208,390,0,
209,391,0,
210,390,0,
212,387,0,
216,386,0,
217,390,0,
223,392,0,
228,388,0,
232,386,0,
238,387,0,
243,389,0,
248,391,0,
255,388,0,
260,387,0,
264,387,0,
272,391,0,
278,390,0,
283,388,0,
288,387,0,
292,387,0,
295,391,0,
301,391,0,
304,387,0,
306,387,0,
307,387,0,
308,391,0,
310,391,0,
310,387,0,
309,386,0,
308,388,0,
308,392,0,
307,390,0,
305,388,0,
303,387,0,
299,389,0,
297,392,0,
295,389,0,
293,387,0,
289,387,0,
285,389,0,
281,393,0,
280,389,0,
276,388,0,
274,387,0,
269,390,0,
267,392,0,
264,389,0,
262,387,0,
261,387,0,
256,391,0,
256,392,0,
253,388,0,
252,387,0,
250,387,0,
247,390,0,
245,392,0,
245,387,0,
243,387,0,
243,387,0,
241,390,0,
241,391,0,
238,388,0,
239,387,0,
239,386,0,
238,391,0,
239,390,0,
238,388,0,
239,386,0,
238,388,0,
239,391,0,
238,391,0,
239,387,0,
238,387,0,
237,388,0,
238,390,0,
238,391,0,
239,387,0,
238,387,0,
239,388,0,
238,392,0,
239,389,0,
238,388,0,
239,386,0,
240,388,0,
240,392,0,
241,388,0,
243,387,0,
243,386,0,
244,389,0,
246,392,0,
247,389,0,
247,388,0,
248,386,0,
248,390,0,
250,392,0,
249,388,0,
249,387,0,
249,387,0,
250,391,0,
252,390,0,
251,389,0,
251,387,0,
252,387,0,
251,391,0,
253,391,0,
252,388,0,
252,386,0,
252,387,0,
251,392,0,
251,391,0,
253,388,0,
252,387,0,
253,388,0,
254,391,0,
256,391,0,
260,388,0,
263,387,0,
269,388,0,
275,391,0,
284,390,0,
294,386,0,
302,387,0,
315,388,0,
327,392,0,
344,390,0,
361,388,0,
376,387,0,
395,389,0,
414,393,0,
436,390,0,
456,388,0,
477,387,0,
496,390,0,
518,392,0,
538,388,0,
556,388,0,
574,387,0,
591,391,0,
606,392,0,
619,390,0,
631,389,0,
638,388,0,
640,392,0,
640,391,0,
639,390,0,
641,388,0,
640,388,0,
640,393,0,
633,392,0,
624,390,0,
616,388,0,
604,389,0,
592,392,0,
579,392,0,
564,390,0,
551,389,0,
536,389,0,
521,392,0,
505,393,0,
490,390,0,
474,388,0,
456,389,0,
439,394,0,
423,392,0,
407,389,0,
391,388,0,
375,390,0,
359,394,0,
345,392,0,
331,389,0,
317,388,0,
302,391,0,
292,393,0,
281,390,0,
270,388,0,
260,388,0,
251,391,0,
243,393,0,
238,390,0,
232,387,0,
226,388,0,
221,391,0,
219,393,0,
217,389,0,
216,387,0,
214,388,0,
216,392,0,
219,392,0,
222,388,0,
224,388,0,
226,388,0,
231,392,0,
237,391,0,
241,388,0,
244,387,0,
250,388,0,
253,392,0,
259,391,0,
264,388,0,
270,387,0,
273,387,0,
278,393,0,
284,391,0,
287,388,0,
292,387,0,
294,388,0,
297,392,0,
301,390,0,
303,388,0,
305,387,0,
304,390,0,
305,393,0,
305,390,0,
306,388,0,
305,386,0,
303,390,0,
303,392,0,
300,390,0,
299,388,0,
298,386,0,
294,391,0,
292,392,0,
289,390,0,
287,387,0,
285,386,0,
280,391,0,
278,392,0,
273,389,0,
272,387,0,
268,387,0,
264,391,0,
263,392,0,
259,388,0,
254,388,0,
252,388,0,
249,390,0,
246,390,0,
242,389,0,
242,387,0,
238,388,0,
235,391,0,
232,391,0,
231,388,0,
231,387,0,
228,387,0,
225,392,0,
226,391,0,
226,388,0,
224,385,0,
223,388,0,
222,393,0,
222,391,0,
221,387,0,
221,387,0,
219,388,0,
218,392,0,
220,390,0,
221,387,0,
221,387,0,
220,390,0,
223,392,0,
224,388,0,
224,386,0,
225,387,0,
225,389,0,
227,391,0,
228,389,0,
229,387,0,
230,387,0,
231,391,0,
232,392,0,
234,388,0,
235,387,0,
234,387,0,
236,391,0,
239,391,0,
237,389,0,
240,387,0,
238,387,0,
240,392,0,
241,390,0,
242,389,0,
241,387,0,
242,388,0,
243,392,0,
244,391,0,
243,387,0,
242,388,0,
244,388,0,
244,391,0,
247,390,0,
246,388,0,
247,386,0,
246,389,0,
248,392,0,
249,390,0,
251,387,0,
252,387,0,
253,388,0,
256,392,0,
261,389,0,
264,388,0,
269,387,0,
271,390,0,
281,392,0,
289,389,0,
298,388,0,
307,386,0,
317,391,0,
329,391,0,
342,390,0,
356,387,0,
369,388,0,
384,390,0,
400,392,0,
415,389,0,
431,387,0,
446,388,0,
459,391,0,
475,392,0,
488,389,0,
500,389,0,
511,387,0,
520,393,0,
530,392,0,
538,388,0,
544,388,0,
549,388,0,
552,393,0,
555,392,0,
556,390,0,
556,388,0,
553,390,0,
551,393,0,
548,392,0,
542,389,0,
534,389,0,
527,390,0,
517,394,0,
509,392,0,
497,390,0,
488,389,0,
475,391,0,
464,394,0,
452,391,0,
439,390,0,
426,389,0,
412,392,0,
401,393,0,
388,391,0,
375,388,0,
362,389,0,
351,391,0,
339,394,0,
328,390,0,
316,389,0,
307,388,0,
296,393,0,
288,392,0,
278,390,0,
272,388,0,
264,389,0,
258,392,0,
252,393,0,
249,389,0,
244,389,0,
242,388,0,
240,393,0,
241,392,0,
238,390,0,
241,388,0,
240,389,0,
243,393,0,
245,392,0,
248,389,0,
250,388,0,
253,390,0,
259,392,0,
262,392,0,
267,388,0,
270,388,0,
274,389,0,
277,393,0,
283,391,0,
285,389,0,
290,388,0,
293,389,0,
296,393,0,
300,391,0,
300,389,0,
303,389,0,
304,390,0,
305,393,0,
307,391,0,
309,389,0,
309,388,0,
309,392,0,
309,393,0,
311,390,0,
311,388,0,
309,389,0,
309,392,0,
310,393,0,
309,389,0,
307,388,0,
306,389,0,
304,393,0,
303,392,0,
301,388,0,
298,389,0,
296,389,0,
294,393,0,
292,391,0,
290,389,0,
287,389,0,
285,389,0,
282,393,0,
281,391,0,
278,390,0,
276,388,0,
273,389,0,
269,393,0,
268,391,0,
266,388,0,
264,388,0,
260,391,0,
259,393,0,
258,390,0,
256,388,0,
252,389,0,
250,391,0,
249,392,0,
247,390,0,
244,389,0,
243,389,0,
241,391,0,
240,392,0,
239,389,0,
236,389,0,
236,389,0,
235,391,0,
235,392,0,
233,390,0,
235,389,0,
236,388,0,
236,391,0,
237,392,0,
238,390,0,
240,389,0,
241,388,0,
241,392,0,
244,392,0,
245,389,0,
246,388,0,
245,389,0,
245,393,0,
248,392,0,
248,390,0,
249,388,0,
248,389,0,
249,393,0,
251,391,0,
251,390,0,
251,388,0,
250,390,0,
251,392,0,
251,390,0,
252,389,0,
252,388,0,
251,390,0,
253,393,0,
254,391,0,
255,388,0,
254,389,0,
255,390,0,
256,393,0,
257,391,0,
258,389,0,
259,389,0,
259,391,0,
262,393,0,
266,389,0,
270,389,0,
275,388,0,
280,392,0,
289,393,0,
297,390,0,
309,388,0,
318,389,0,
332,392,0,
346,393,0,
362,389,0,
378,388,0,
395,389,0,
411,392,0,
430,392,0,
447,390,0,
464,389,0,
480,388,0,
496,392,0,
512,393,0,
528,390,0,
541,389,0,
552,390,0,
563,394,0,
574,391,0,
581,390,0,
586,390,0,
591,391,0,
594,394,0,
595,392,0,
594,389,0,
592,389,0,
587,392,0,
583,395,0,
577,390,0,
569,390,0,
561,389,0,
551,392,0,
541,394,0,
530,392,0,
518,390,0,
504,390,0,
491,393,0,
478,394,0,
465,390,0,
449,390,0,
435,389,0,
419,393,0,
404,394,0,
389,391,0,
375,389,0,
358,390,0,
344,393,0,
330,394,0,
318,391,0,
306,390,0,
294,390,0,
282,394,0,
273,393,0,
265,390,0,
255,390,0,
249,390,0,
241,394,0,
237,392,0,
234,390,0,
231,388,0,
229,391,0,
229,393,0,
229,392,0,
230,389,0,
233,388,0,
234,391,0,
237,393,0,
241,392,0,
246,389,0,
249,389,0,
253,391,0,
258,394,0,
265,391,0,
269,389,0,
276,389,0,
282,392,0,
286,394,0,
294,390,0,
300,389,0,
306,388,0,
309,392,0,
315,393,0,
318,391,0,
323,387,0,
327,389,0,
329,393,0,
332,393,0,
334,390,0,
333,389,0,
335,389,0,
336,393,0,
336,393,0,
334,390,0,
334,389,0,
333,389,0,
331,394,0,
330,392,0,
325,390,0,
325,388,0,
321,389,0,
318,393,0,
316,391,0,
311,390,0,
309,388,0,
304,390,0,
303,393,0,
300,392,0,
295,389,0,
292,389,0,
288,390,0,
285,393,0,
281,391,0,
279,388,0,
276,389,0,
273,390,0,
270,394,0,
270,391,0,
266,389,0,
264,388,0,
261,392,0,
261,393,0,
259,391,0,
257,388,0,
255,389,0,
254,391,0,
254,393,0,
255,390,0,
252,389,0,
252,387,0,
250,392,0,
252,393,0,
250,390,0,
251,388,0,
249,389,0,
251,392,0,
252,392,0,
252,390,0,
252,389,0,
253,388,0,
251,393,0,
255,392,0,
255,389,0,
256,388,0,
254,390,0,
257,392,0,
259,391,0,
260,389,0,
260,388,0,
260,390,0,
260,393,0,
262,391,0,
263,388,0,
261,389,0,
261,389,0,
261,393,0,
262,391,0,
263,389,0,
263,388,0,
260,391,0,
261,393,0,
263,390,0,
261,388,0,
261,389,0,
262,392,0,
264,393,0,
265,390,0,
265,389,0,
267,388,0,
270,392,0,
274,392,0,
277,390,0,
283,389,0,
290,387,0,
296,392,0,
305,393,0,
314,388,0,
324,389,0,
335,389,0,
349,393,0,
363,392,0,
377,390,0,
391,389,0,
407,389,0,
423,393,0,
438,393,0,
455,390,0,
469,388,0,
483,389,0,
497,394,0,
512,392,0,
524,389,0,
534,389,0,
544,391,0,
554,394,0,
562,392,0,
566,390,0,
571,389,0,
574,392,0,
576,394,0,
576,392,0,
574,391,0,
571,390,0,
567,392,0,
562,394,0,
555,392,0,
548,390,0,
540,390,0,
530,392,0,
519,395,0,
510,392,0,
499,390,0,
487,390,0,
472,394,0,
462,395,0,
449,391,0,
435,390,0,
421,390,0,
406,395,0,
395,394,0,
381,391,0,
368,389,0,
355,390,0,
344,394,0,
332,394,0,
321,390,0,
309,390,0,
299,389,0,
290,393,0,
282,393,0,
275,390,0,
267,389,0,
261,389,0,
255,394,0,
252,393,0,
248,389,0,
245,389,0,
242,391,0,
242,394,0,
244,391,0,
244,390,0,
245,389,0,
246,391,0,
249,393,0,
253,392,0,
256,388,0,
257,390,0,
262,391,0,
267,394,0,
273,391,0,
276,389,0,
281,389,0,
283,392,0,
290,394,0,
295,390,0,
298,388,0,
302,389,0,
306,393,0,
310,392,0,
313,390,0,
316,389,0,
